-- phpMyAdmin SQL Dump
-- version 5.0.3
-- https://www.phpmyadmin.net/
--
-- Host: 127.0.0.1
-- Generation Time: Aug 06, 2022 at 02:25 PM
-- Server version: 10.4.14-MariaDB
-- PHP Version: 7.2.34

SET SQL_MODE = "NO_AUTO_VALUE_ON_ZERO";
START TRANSACTION;
SET time_zone = "+00:00";


/*!40101 SET @OLD_CHARACTER_SET_CLIENT=@@CHARACTER_SET_CLIENT */;
/*!40101 SET @OLD_CHARACTER_SET_RESULTS=@@CHARACTER_SET_RESULTS */;
/*!40101 SET @OLD_COLLATION_CONNECTION=@@COLLATION_CONNECTION */;
/*!40101 SET NAMES utf8mb4 */;

--
-- Database: `sharemarket`
--

-- --------------------------------------------------------

--
-- Table structure for table `members`
--

CREATE TABLE `members` (
  `id` bigint(20) UNSIGNED NOT NULL,
  `firstname` varchar(255) COLLATE utf8mb4_unicode_ci NOT NULL,
  `lastname` varchar(255) COLLATE utf8mb4_unicode_ci NOT NULL,
  `member_code` varchar(255) COLLATE utf8mb4_unicode_ci DEFAULT NULL,
  `email` varchar(255) COLLATE utf8mb4_unicode_ci NOT NULL,
  `password` varchar(255) COLLATE utf8mb4_unicode_ci NOT NULL,
  `contact` varchar(255) COLLATE utf8mb4_unicode_ci NOT NULL,
  `is_admin` int(11) NOT NULL DEFAULT 0,
  `forgot_password_token` varchar(255) COLLATE utf8mb4_unicode_ci DEFAULT NULL,
  `remember_token` varchar(100) COLLATE utf8mb4_unicode_ci DEFAULT NULL,
  `created_at` timestamp NULL DEFAULT NULL,
  `updated_at` timestamp NULL DEFAULT NULL
) ENGINE=InnoDB DEFAULT CHARSET=utf8mb4 COLLATE=utf8mb4_unicode_ci;

--
-- Dumping data for table `members`
--

INSERT INTO `members` (`id`, `firstname`, `lastname`, `member_code`, `email`, `password`, `contact`, `is_admin`, `forgot_password_token`, `remember_token`, `created_at`, `updated_at`) VALUES
(1, 'Dhyey', 'Rathod', 'admin', 'admin@yopmail.com', 'Test@123', '9967313968', 1, NULL, NULL, '2022-05-21 14:20:08', '2022-05-21 14:20:17'),
(4, 'Felicia', 'Mcclain', 'IN88888IND', 'sojy@mailinator.com', 'test@123', '7896541235', 0, NULL, 'X2WWXCDEHSDEDC5QGKQD', '2022-07-31 03:11:30', '2022-07-31 03:11:38'),
(5, 'Gage', 'Stark', 'IN55555IND', 'rusijeci@mailinator.com', 'test@123', '7591534568', 0, NULL, 'C0NCPKLSAZYDBWURCHFC', '2022-07-31 05:02:55', '2022-07-31 05:02:55'),
(6, 'Avye', 'Howell', 'IN20221IND', 'hymu@mailinator.com', 'test@123', '1525359585', 0, NULL, 'ELALOAEEEEU2VDSQSUQE', '2022-07-31 05:03:26', '2022-07-31 05:03:26'),
(7, 'Marah', 'Cardenas', 'IN24241IND', 'lecuh@mailinator.com', 'test@123', '7513594568', 0, NULL, 'GLFKDP8TXAK0YUMZUVTH', '2022-07-31 05:04:02', '2022-07-31 05:07:29');

-- --------------------------------------------------------

--
-- Table structure for table `stock_assignments`
--

CREATE TABLE `stock_assignments` (
  `id` bigint(20) NOT NULL,
  `member_id` bigint(20) DEFAULT NULL,
  `date` date DEFAULT NULL,
  `trade_id` text DEFAULT NULL,
  `position` text DEFAULT NULL,
  `stock_entry` text DEFAULT NULL,
  `stock_exit` text DEFAULT NULL,
  `net_exit` text DEFAULT NULL,
  `amount` text DEFAULT NULL,
  `opening_balance` text DEFAULT NULL,
  `closing_balance` text DEFAULT NULL,
  `time` text DEFAULT NULL,
  `brokrage` text DEFAULT NULL,
  `created_at` timestamp NULL DEFAULT NULL,
  `updated_at` timestamp NULL DEFAULT NULL,
  `member_code` varchar(255) DEFAULT NULL
) ENGINE=InnoDB DEFAULT CHARSET=utf8mb4;

--
-- Dumping data for table `stock_assignments`
--

INSERT INTO `stock_assignments` (`id`, `member_id`, `date`, `trade_id`, `position`, `stock_entry`, `stock_exit`, `net_exit`, `amount`, `opening_balance`, `closing_balance`, `time`, `brokrage`, `created_at`, `updated_at`, `member_code`) VALUES
(1, 4, '2021-08-03', 'IN88888IND44411CJ082021LS2-IND50-00:00:00', 'Buy', '1000', '16320', '366.84', '₹1,467,360.00', '₹20,000,000.00', '₹21,467,360.00', '0:00:00', '₹32,640.00', '2022-07-31 05:04:13', '2022-08-06 05:21:08', 'IN88888IND'),
(2, 4, '2021-08-06', 'IN88888IND44414CJ082021LS2-IND50-00:00:00', 'Buy', '16265', '16280', '6.86', '₹27,440.00', '₹21,467,360.00', '₹21,494,800.00', '0:00:00', '₹32,560.00', '2022-07-31 05:04:13', '2022-07-31 05:04:13', 'IN88888IND'),
(3, 4, '2021-08-06', 'IN88888IND44414CJ082021LS2-IND50-00:00:00', 'Sell', '16280', '16265', '6.87', '₹27,470.00', '₹21,494,800.00', '₹21,522,270.00', '0:00:00', '₹32,560.00', '2022-07-31 05:04:13', '2022-07-31 05:04:13', 'IN88888IND'),
(4, 4, '2021-08-06', 'IN88888IND44414CJ082021LS2-IND50-00:00:00', 'Buy', '16265', '16260', '-13.13', '₹-52,520.00', '₹21,522,270.00', '₹21,469,750.00', '0:00:00', '₹32,530.00', '2022-07-31 05:04:13', '2022-07-31 05:04:13', 'IN88888IND'),
(5, 4, '2021-08-06', 'IN88888IND44414CJ082021LS2-IND50-00:00:00', 'Sell', '16260', '16265', '-13.13', '₹-52,530.00', '₹21,469,750.00', '₹21,417,220.00', '0:00:00', '₹32,530.00', '2022-07-31 05:04:13', '2022-07-31 05:04:13', 'IN88888IND'),
(6, 4, '2021-08-06', 'IN88888IND44414CJ082021LS2-IND50-00:00:00', 'Buy', '16270', '16290', '11.86', '₹47,420.00', '₹21,417,220.00', '₹21,464,640.00', '0:00:00', '₹32,580.00', '2022-07-31 05:04:13', '2022-07-31 05:04:13', 'IN88888IND'),
(7, 4, '2021-08-09', 'IN88888IND44417CJ082021LS2-IND50-00:00:00', 'Sell', '16290', '16235', '46.88', '₹187,530.00', '₹21,464,640.00', '₹21,652,170.00', '0:00:00', '₹32,580.00', '2022-07-31 05:04:13', '2022-07-31 05:04:13', 'IN88888IND'),
(8, 4, '2021-08-10', 'IN88888IND44418CJ082021LS2-IND50-00:00:00', 'Buy', '16290', '16320', '21.84', '₹87,360.00', '₹21,652,170.00', '₹21,739,530.00', '0:00:00', '₹32,640.00', '2022-07-31 05:04:13', '2022-07-31 05:04:13', 'IN88888IND'),
(9, 4, '2021-08-10', 'IN88888IND44418CJ082021LS2-IND50-00:00:00', 'Sell', '16255', '16285', '-38.14', '₹-152,570.00', '₹21,739,530.00', '₹21,586,960.00', '0:00:00', '₹32,570.00', '2022-07-31 05:04:13', '2022-07-31 05:04:13', 'IN88888IND'),
(10, 4, '2021-08-11', 'IN88888IND44419CJ082021LS2-IND50-00:00:00', 'Sell', '16295', '16245', '41.88', '₹167,510.00', '₹21,586,960.00', '₹21,754,470.00', '0:00:00', '₹32,590.00', '2022-07-31 05:04:13', '2022-07-31 05:04:13', 'IN88888IND'),
(11, 4, '2021-08-11', 'IN88888IND44419CJ082021LS2-IND50-00:00:00', 'Sell', '16230', '16240', '-18.12', '₹-72,480.00', '₹21,754,470.00', '₹21,681,990.00', '0:00:00', '₹32,480.00', '2022-07-31 05:04:13', '2022-07-31 05:04:13', 'IN88888IND'),
(12, 4, '2021-08-12', 'IN88888IND44420CJ082021LS2-IND50-00:00:00', 'Buy', '16320', '16480', '151.76', '₹607,040.00', '₹21,681,990.00', '₹22,289,030.00', '0:00:00', '₹32,960.00', '2022-07-31 05:04:13', '2022-07-31 05:04:13', 'IN88888IND'),
(13, 4, '2021-08-17', 'IN88888IND44425CJ082021LS2-IND50-00:00:00', 'Sell', '16530', '16510', '11.74', '₹46,980.00', '₹22,289,030.00', '₹22,336,010.00', '0:00:00', '₹33,060.00', '2022-07-31 05:04:13', '2022-07-31 05:04:13', 'IN88888IND'),
(14, 4, '2021-08-17', 'IN88888IND44425CJ082021LS2-IND50-00:00:00', 'Buy', '16510', '16495', '-23.25', '₹-92,990.00', '₹22,336,010.00', '₹22,243,020.00', '0:00:00', '₹33,020.00', '2022-07-31 05:04:13', '2022-07-31 05:04:13', 'IN88888IND'),
(15, 4, '2021-08-17', 'IN88888IND44425CJ082021LS2-IND50-00:00:00', 'Buy', '16515', '16650', '126.67', '₹506,700.00', '₹22,243,020.00', '₹22,749,720.00', '0:00:00', '₹33,300.00', '2022-07-31 05:04:13', '2022-07-31 05:04:13', 'IN88888IND'),
(16, 4, '2021-08-18', 'IN88888IND44426CJ082021LS2-IND50-00:00:00', 'Sell', '16600', '16565', '26.72', '₹106,870.00', '₹22,749,720.00', '₹22,856,590.00', '0:00:00', '₹33,200.00', '2022-07-31 05:04:13', '2022-07-31 05:04:13', 'IN88888IND'),
(17, 4, '2021-08-18', 'IN88888IND44426CJ082021LS2-IND50-00:00:00', 'Buy', '16570', '16560', '-18.28', '₹-73,120.00', '₹22,856,590.00', '₹22,783,470.00', '0:00:00', '₹33,140.00', '2022-07-31 05:04:13', '2022-07-31 05:04:13', 'IN88888IND'),
(18, 4, '2021-08-20', 'IN88888IND44428CJ082021LS2-IND50-00:00:00', 'Buy', '16430', '16455', '16.77', '₹67,090.00', '₹22,783,470.00', '₹22,850,560.00', '0:00:00', '₹32,910.00', '2022-07-31 05:04:13', '2022-07-31 05:04:13', 'IN88888IND'),
(19, 4, '2021-08-20', 'IN88888IND44428CJ082021LS2-IND50-00:00:00', 'Sell', '16455', '16400', '46.80', '₹187,200.00', '₹22,850,560.00', '₹23,037,760.00', '0:00:00', '₹32,910.00', '2022-07-31 05:04:13', '2022-07-31 05:04:13', 'IN88888IND'),
(20, 4, '2021-08-20', 'IN88888IND44428CJ082021LS2-IND50-00:00:00', 'Buy', '16400', '16430', '21.79', '₹87,140.00', '₹23,037,760.00', '₹23,124,900.00', '0:00:00', '₹32,860.00', '2022-07-31 05:04:13', '2022-07-31 05:04:13', 'IN88888IND'),
(21, 4, '2021-08-20', 'IN88888IND44428CJ082021LS2-IND50-15:21:05', 'Sell', '16440', '16530', '-98.27', '₹-393,060.00', '₹23,124,900.00', '₹22,731,840.00', '15:21:05', '₹33,060.00', '2022-07-31 05:04:13', '2022-07-31 05:04:13', 'IN88888IND'),
(22, 4, '2021-08-23', 'IN88888IND23/08/2021CJ082021LS2-IND50-10:45:06', 'Sell', '16435', '16460', '-33.23', '₹-132,920.00', '₹22,731,840.00', '₹22,598,920.00', '10:45:06', '₹32,920.00', '2022-07-31 05:04:13', '2022-07-31 05:04:13', 'IN88888IND'),
(23, 4, '2021-08-23', 'IN88888IND23/08/2021CJ082021LS2-IND50-11:30:15', 'Buy', '16465', '16650', '176.68', '₹706,700.00', '₹22,598,920.00', '₹23,305,620.00', '11:30:15', '₹33,300.00', '2022-07-31 05:04:13', '2022-07-31 05:04:13', 'IN88888IND'),
(24, 4, '2021-08-25', 'IN88888IND25/08/2021CJ082021LS2-IND50-14:54:00', 'Sell', '16630', '16640', '-18.32', '₹-73,280.00', '₹23,305,620.00', '₹23,232,340.00', '14:54:00', '₹33,280.00', '2022-07-31 05:04:13', '2022-07-31 05:04:13', 'IN88888IND'),
(25, 4, '2021-08-26', 'IN88888IND26/08/2021CJ082021LS2-IND50-00:00:00', 'Sell', '16650', '16635', '6.68', '₹26,730.00', '₹23,232,340.00', '₹23,259,070.00', '0:00:00', '₹33,300.00', '2022-07-31 05:04:13', '2022-07-31 05:04:13', 'IN88888IND'),
(26, 4, '2021-08-27', 'IN88888IND27/08/2021CJ082021LS2-IND50-00:00:00', 'Buy', '16650', '17139.55', '480.98', '₹1,923,920.90', '₹23,259,070.00', '₹25,182,990.90', '0:00:00', '₹34,279.10', '2022-07-31 05:04:13', '2022-07-31 05:04:13', 'IN88888IND'),
(27, 4, '2021-09-01', 'IN88888IND01/09/2021CJ082021LS2-IND50-00:00:00', 'Buy', '17135', '17135', '-8.57', '₹-34,270.00', '₹25,182,990.90', '₹25,148,720.90', '0:00:00', '₹34,270.00', '2022-07-31 05:04:13', '2022-07-31 05:04:13', 'IN88888IND'),
(28, 4, '2021-09-01', 'IN88888IND01/09/2021CJ082021LS2-IND50-00:00:00', 'Sell', '17135', '17140', '-13.57', '₹-54,280.00', '₹25,148,720.90', '₹25,094,440.90', '0:00:00', '₹34,280.00', '2022-07-31 05:04:13', '2022-07-31 05:04:13', 'IN88888IND'),
(29, 4, '2021-09-02', 'IN88888IND02/09/2021CJ082021LS2-IND50-00:00:00', 'Buy', '17140', '17260.75', '112.12', '₹448,478.50', '₹25,094,440.90', '₹25,542,919.40', '0:00:00', '₹34,521.50', '2022-07-31 05:04:13', '2022-07-31 05:04:13', 'IN88888IND'),
(30, 4, '2021-09-03', 'IN88888IND03/09/2021CJ082021LS2-IND50-00:00:00', 'Buy', '17280', '17368.75', '80.07', '₹320,262.50', '₹25,542,919.40', '₹25,863,181.90', '0:00:00', '₹34,737.50', '2022-07-31 05:04:13', '2022-07-31 05:04:13', 'IN88888IND'),
(31, 4, '2021-09-06', 'IN88888IND06/09/2021CJ082021LS2-IND50-00:00:00', 'Buy', '17400', '17364.55', '-44.13', '₹-176,529.10', '₹25,863,181.90', '₹25,686,652.80', '0:00:00', '₹34,800.00', '2022-07-31 05:04:13', '2022-07-31 05:04:13', 'IN88888IND'),
(32, 4, '2021-09-07', 'IN88888IND07/09/2021CJ082021LS2-IND50-00:00:00', 'Sell', '17370', '17345.35', '15.98', '₹63,909.30', '₹25,686,652.80', '₹25,750,562.10', '0:00:00', '₹34,740.00', '2022-07-31 05:04:14', '2022-07-31 05:04:14', 'IN88888IND'),
(33, 4, '2021-09-07', 'IN88888IND07/09/2021CJ082021LS2-IND50-00:00:00', 'Buy', '17345', '17398.75', '45.05', '₹180,202.50', '₹25,750,562.10', '₹25,930,764.60', '0:00:00', '₹34,797.50', '2022-07-31 05:04:14', '2022-07-31 05:04:14', 'IN88888IND'),
(34, 4, '2021-09-08', 'IN88888IND08/09/2021CJ082021LS2-IND50-00:00:00', 'Sell', '17370', '17387.65', '-26.34', '₹-105,375.30', '₹25,930,764.60', '₹25,825,389.30', '0:00:00', '₹34,775.30', '2022-07-31 05:04:14', '2022-07-31 05:04:14', 'IN88888IND'),
(35, 4, '2021-09-08', 'IN88888IND08/09/2021CJ082021LS2-IND50-12:31:15', 'Sell', '17355', '17342.95', '3.38', '₹13,514.10', '₹25,825,389.30', '₹25,838,903.40', '12:31:15', '₹34,710.00', '2022-07-31 05:04:14', '2022-07-31 05:04:14', 'IN88888IND'),
(36, 4, '2021-09-08', 'IN88888IND08/09/2021CJ082021LS2-IND50-00:00:00', 'Buy', '17375', '17339.85', '-43.82', '₹-175,279.70', '₹25,838,903.40', '₹25,663,623.70', '0:00:00', '₹34,750.00', '2022-07-31 05:04:14', '2022-07-31 05:04:14', 'IN88888IND'),
(37, 4, '2021-09-09', 'IN88888IND09/09/2021CJ082021LS2-IND50-00:00:00', 'Sell', '17335', '17348.65', '-22.32', '₹-89,297.30', '₹25,663,623.70', '₹25,574,326.40', '0:00:00', '₹34,697.30', '2022-07-31 05:04:14', '2022-07-31 05:04:14', 'IN88888IND'),
(38, 4, '2021-09-13', 'IN88888IND13/09/2021CJ082021LS2-IND50-00:00:00', 'Sell', '17330', '17342.45', '-21.12', '₹-84,484.90', '₹25,574,326.40', '₹25,489,841.50', '0:00:00', '₹34,684.90', '2022-07-31 05:04:14', '2022-07-31 05:04:14', 'IN88888IND'),
(39, 4, '2021-09-13', 'IN88888IND13/09/2021CJ082021LS2-IND50-00:00:00', 'Buy', '17345', '17397.65', '43.95', '₹175,804.70', '₹25,489,841.50', '₹25,665,646.20', '0:00:00', '₹34,795.30', '2022-07-31 05:04:14', '2022-07-31 05:04:14', 'IN88888IND'),
(40, 4, '2021-09-14', 'IN88888IND14/09/2021CJ082021LS2-IND50-00:00:00', 'Sell', '17400', '17420.55', '-29.26', '₹-117,041.10', '₹25,665,646.20', '₹25,548,605.10', '0:00:00', '₹34,841.10', '2022-07-31 05:04:14', '2022-07-31 05:04:14', 'IN88888IND'),
(41, 4, '2021-09-15', 'IN88888IND15/09/2021CJ082021LS2-IND50-09:54:30', 'Buy', '17422', '17722.45', '291.59', '₹1,166,355.10', '₹25,548,605.10', '₹26,714,960.20', '9:54:30', '₹35,444.90', '2022-07-31 05:04:14', '2022-07-31 05:04:14', 'IN88888IND'),
(42, 4, '2021-09-17', 'IN88888IND17/09/2021CJ082021LS2-IND50-00:00:00', 'Sell', '17660', '17506.35', '144.90', '₹579,587.30', '₹26,714,960.20', '₹27,294,547.50', '0:00:00', '₹35,320.00', '2022-07-31 05:04:14', '2022-07-31 05:04:14', 'IN88888IND'),
(43, 4, '2021-09-20', 'IN88888IND20/09/2021CJ082021LS2-IND50-00:00:00', 'Buy', '17506', '17570.8', '56.01', '₹224,058.40', '₹27,294,547.50', '₹27,518,605.90', '0:00:00', '₹35,141.60', '2022-07-31 05:04:14', '2022-07-31 05:04:14', 'IN88888IND'),
(44, 4, '2021-09-20', 'IN88888IND20/09/2021CJ082021LS2-IND50-00:00:00', 'Sell', '17480', '17400.25', '71.05', '₹284,199.50', '₹27,518,605.90', '₹27,802,805.40', '0:00:00', '₹34,960.00', '2022-07-31 05:04:14', '2022-07-31 05:04:14', 'IN88888IND'),
(45, 4, '2021-09-21', 'IN88888IND21/09/2021CJ082021LS2-IND50-00:00:00', 'Buy', '17401', '17380.85', '-28.84', '₹-115,361.70', '₹27,802,805.40', '₹27,687,443.70', '0:00:00', '₹34,802.00', '2022-07-31 05:04:14', '2022-07-31 05:04:14', 'IN88888IND'),
(46, 4, '2021-09-21', 'IN88888IND21/09/2021CJ082021LS2-IND50-11:05:58', 'Sell', '17380', '17405.65', '-34.35', '₹-137,411.30', '₹27,687,443.70', '₹27,550,032.40', '11:05:58', '₹34,811.30', '2022-07-31 05:04:14', '2022-07-31 05:04:14', 'IN88888IND'),
(47, 4, '2021-09-21', 'IN88888IND21/09/2021CJ082021LS2-IND50-00:00:00', 'Buy', '17470', '17858.55', '379.62', '₹1,518,482.90', '₹27,550,032.40', '₹29,068,515.30', '0:00:00', '₹35,717.10', '2022-07-31 05:04:14', '2022-07-31 05:04:14', 'IN88888IND'),
(48, 4, '2021-09-24', 'IN88888IND24/09/2021CJ082021LS2-IND50-00:00:00', 'Sell', '17860', '17922.35', '-71.31', '₹-285,244.70', '₹29,068,515.30', '₹28,783,270.60', '0:00:00', '₹35,844.70', '2022-07-31 05:04:14', '2022-07-31 05:04:14', 'IN88888IND'),
(49, 4, '2021-09-27', 'IN88888IND27/09/2021CJ082021LS2-IND50-00:00:00', 'Sell', '17850', '17855.95', '-14.88', '₹-59,511.90', '₹28,783,270.60', '₹28,723,758.70', '0:00:00', '₹35,711.90', '2022-07-31 05:04:14', '2022-07-31 05:04:14', 'IN88888IND'),
(50, 4, '2021-09-27', 'IN88888IND27/09/2021CJ082021LS2-IND50-00:00:00', 'Buy', '17855', '17853.65', '-10.28', '₹-41,107.30', '₹28,723,758.70', '₹28,682,651.40', '0:00:00', '₹35,710.00', '2022-07-31 05:04:14', '2022-07-31 05:04:14', 'IN88888IND'),
(51, 4, '2021-09-27', 'IN88888IND27/09/2021CJ082021LS2-IND50-00:00:00', 'Sell', '17853', '17653.65', '190.52', '₹762,092.70', '₹28,682,651.40', '₹29,444,744.10', '0:00:00', '₹35,706.00', '2022-07-31 05:04:14', '2022-07-31 05:04:14', 'IN88888IND'),
(52, 4, '2021-09-28', 'IN88888IND28/09/2021CJ082021LS2-IND50-00:00:00', 'Buy', '17655', '17670.15', '6.31', '₹25,259.70', '₹29,444,744.10', '₹29,470,003.80', '0:00:00', '₹35,340.30', '2022-07-31 05:04:14', '2022-07-31 05:04:14', 'IN88888IND'),
(53, 4, '2021-09-29', 'IN88888IND29/09/2021CJ082021LS2-IND50-00:00:00', 'Sell', '17665', '17676.75', '-20.59', '₹-82,353.50', '₹29,470,003.80', '₹29,387,650.30', '0:00:00', '₹35,353.50', '2022-07-31 05:04:14', '2022-07-31 05:04:14', 'IN88888IND'),
(54, 4, '2021-09-29', 'IN88888IND29/09/2021CJ082021LS2-IND50-00:00:00', 'Buy', '17701.65', '17733.55', '23.03', '₹92,132.90', '₹29,387,650.30', '₹29,479,783.20', '0:00:00', '₹35,467.10', '2022-07-31 05:04:14', '2022-07-31 05:04:14', 'IN88888IND'),
(55, 4, '2021-09-30', 'IN88888IND30/09/2021CJ082021LS2-IND50-00:00:00', 'Sell', '17722.85', '17662.55', '51.47', '₹205,874.90', '₹29,479,783.20', '₹29,685,658.10', '0:00:00', '₹35,445.70', '2022-07-31 05:04:14', '2022-07-31 05:04:14', 'IN88888IND'),
(56, 4, '2021-09-30', 'IN88888IND30/09/2021CJ082021LS2-IND50-00:00:00', 'Buy', '17663.45', '17698.75', '26.45', '₹105,802.50', '₹29,685,658.10', '₹29,791,460.60', '0:00:00', '₹35,397.50', '2022-07-31 05:04:14', '2022-07-31 05:04:14', 'IN88888IND'),
(57, 4, '2021-09-30', 'IN88888IND30/09/2021CJ082021LS2-IND50-00:00:00', 'Sell', '17670', '17522.35', '138.89', '₹555,555.30', '₹29,791,460.60', '₹30,347,015.90', '0:00:00', '₹35,340.00', '2022-07-31 05:04:14', '2022-07-31 05:04:14', 'IN88888IND'),
(58, 4, '2021-10-01', 'IN88888IND01/10/2021CJ082021LS2-IND50-00:00:00', 'Buy', '17526', '17707.65', '172.80', '₹691,184.70', '₹30,347,015.90', '₹31,038,200.60', '0:00:00', '₹35,415.30', '2022-07-31 05:04:14', '2022-07-31 05:04:14', 'IN88888IND'),
(59, 4, '2021-10-05', 'IN88888IND05/10/2021CJ082021LS2-IND50-00:00:00', 'Sell', '17680', '17681.55', '-10.39', '₹-41,563.10', '₹31,038,200.60', '₹30,996,637.50', '0:00:00', '₹35,363.10', '2022-07-31 05:04:14', '2022-07-31 05:04:14', 'IN88888IND'),
(60, 4, '2021-10-05', 'IN88888IND05/10/2021CJ082021LS2-IND50-00:00:00', 'Buy', '17681', '17679.85', '-9.99', '₹-39,959.70', '₹30,996,637.50', '₹30,956,677.80', '0:00:00', '₹35,362.00', '2022-07-31 05:04:14', '2022-07-31 05:04:14', 'IN88888IND'),
(61, 4, '2021-10-05', 'IN88888IND05/10/2021CJ082021LS2-IND50-00:00:00', 'Sell', '17680', '17701.65', '-30.50', '₹-122,003.30', '₹30,956,677.80', '₹30,834,674.50', '0:00:00', '₹35,403.30', '2022-07-31 05:04:14', '2022-07-31 05:04:14', 'IN88888IND'),
(62, 4, '2021-10-05', 'IN88888IND05/10/2021CJ082021LS2-IND50-12:15:05', 'Buy', '17690', '17816.55', '117.64', '₹470,566.90', '₹30,834,674.50', '₹31,305,241.40', '12:15:05', '₹35,633.10', '2022-07-31 05:04:14', '2022-07-31 05:04:14', 'IN88888IND'),
(63, 4, '2021-10-06', 'IN88888IND06/10/2021CJ082021LS2-IND50-13:14:06', 'Sell', '17770', '17787.95', '-26.84', '₹-107,375.90', '₹31,305,241.40', '₹31,197,865.50', '13:14:06', '₹35,575.90', '2022-07-31 05:04:14', '2022-07-31 05:04:14', 'IN88888IND'),
(64, 4, '2021-10-07', 'IN88888IND07/10/2021CJ082021LS2-IND50-00:00:00', 'Buy', '17818', '17800.05', '-26.85', '₹-107,400.10', '₹31,197,865.50', '₹31,090,465.40', '0:00:00', '₹35,636.00', '2022-07-31 05:04:14', '2022-07-31 05:04:14', 'IN88888IND'),
(65, 4, '2021-10-07', 'IN88888IND07/10/2021CJ082021LS2-IND50-15:27:03', 'Buy', '17815', '17898.75', '74.80', '₹299,202.50', '₹31,090,465.40', '₹31,389,667.90', '15:27:03', '₹35,797.50', '2022-07-31 05:04:14', '2022-07-31 05:04:14', 'IN88888IND'),
(66, 4, '2021-10-11', 'IN88888IND11/10/2021CJ082021LS2-IND50-09:31:59', 'Buy', '17915', '18009.75', '85.75', '₹342,980.50', '₹31,389,667.90', '₹31,732,648.40', '9:31:59', '₹36,019.50', '2022-07-31 05:04:14', '2022-07-31 05:04:14', 'IN88888IND'),
(67, 4, '2021-10-12', 'IN88888IND12/10/2021CJ082021LS2-IND50-09:31:33', 'Sell', '17960', '17901.45', '49.60', '₹198,397.10', '₹31,732,648.40', '₹31,931,045.50', '9:31:33', '₹35,920.00', '2022-07-31 05:04:14', '2022-07-31 05:04:14', 'IN88888IND'),
(68, 4, '2021-10-12', 'IN88888IND12/10/2021CJ082021LS2-IND50-11:03:00', 'Buy', '17905', '17891.75', '-22.20', '₹-88,783.50', '₹31,931,045.50', '₹31,842,262.00', '11:03:00', '₹35,810.00', '2022-07-31 05:04:14', '2022-07-31 05:04:14', 'IN88888IND'),
(69, 4, '2021-10-12', 'IN88888IND12/10/2021CJ082021LS2-IND50-11:47:03', 'Sell', '17891', '17886.95', '-4.89', '₹-19,573.90', '₹31,842,262.00', '₹31,822,688.10', '11:47:03', '₹35,782.00', '2022-07-31 05:04:14', '2022-07-31 05:04:14', 'IN88888IND'),
(70, 4, '2021-10-12', 'IN88888IND12/10/2021CJ082021LS2-IND50-12:06:00', 'Buy', '17886', '18500.65', '605.40', '₹2,421,598.70', '₹31,822,688.10', '₹34,244,286.80', '12:06:00', '₹37,001.30', '2022-07-31 05:04:14', '2022-07-31 05:04:14', 'IN88888IND'),
(71, 4, '2021-10-19', 'IN88888IND19/10/2021CJ082021LS2-IND50-10:42:04', 'Buy', '18515', '18488.55', '-35.69', '₹-142,777.10', '₹34,244,286.80', '₹34,101,509.70', '10:42:04', '₹37,030.00', '2022-07-31 05:04:14', '2022-07-31 05:04:14', 'IN88888IND'),
(72, 4, '2021-10-19', 'IN88888IND19/10/2021CJ082021LS2-IND50-14:57:01', 'Sell', '18485', '18382.95', '92.86', '₹371,434.10', '₹34,101,509.70', '₹34,472,943.80', '14:57:01', '₹36,970.00', '2022-07-31 05:04:14', '2022-07-31 05:04:14', 'IN88888IND'),
(73, 4, '2021-10-20', 'IN88888IND20/10/2021CJ082021LS2-IND50-00:00:00', 'Buy', '18395', '18378.8', '-25.39', '₹-101,557.60', '₹34,472,943.80', '₹34,371,386.20', '0:00:00', '₹36,790.00', '2022-07-31 05:04:14', '2022-07-31 05:04:14', 'IN88888IND'),
(74, 4, '2021-10-20', 'IN88888IND20/10/2021CJ082021LS2-IND50-12:02:00', 'Sell', '18375', '18156.75', '209.17', '₹836,686.50', '₹34,371,386.20', '₹35,208,072.70', '12:02:00', '₹36,750.00', '2022-07-31 05:04:14', '2022-07-31 05:04:14', 'IN88888IND'),
(75, 4, '2021-10-21', 'IN88888IND21/10/2021CJ082021LS2-IND50-13:06:15', 'Sell', '18190', '18156.35', '24.57', '₹98,287.30', '₹35,208,072.70', '₹35,306,360.00', '13:06:15', '₹36,380.00', '2022-07-31 05:04:14', '2022-07-31 05:04:14', 'IN88888IND'),
(76, 4, '2021-10-22', 'IN88888IND22/10/2021CJ082021LS2-IND50-00:00:00', 'Buy', '18240', '18232.45', '-16.67', '₹-66,664.90', '₹35,306,360.00', '₹35,239,695.10', '0:00:00', '₹36,480.00', '2022-07-31 05:04:14', '2022-07-31 05:04:14', 'IN88888IND'),
(77, 4, '2021-10-22', 'IN88888IND22/10/2021CJ082021LS2-IND50-00:00:00', 'Buy', '18160', '18148.75', '-20.32', '₹-81,297.50', '₹35,239,695.10', '₹35,158,397.60', '0:00:00', '₹36,320.00', '2022-07-31 05:04:14', '2022-07-31 05:04:14', 'IN88888IND'),
(78, 4, '2021-10-22', 'IN88888IND22/10/2021CJ082021LS2-IND50-00:00:00', 'Sell', '18150', '18041.65', '99.33', '₹397,316.70', '₹35,158,397.60', '₹35,555,714.30', '0:00:00', '₹36,300.00', '2022-07-31 05:04:14', '2022-07-31 05:04:14', 'IN88888IND'),
(79, 4, '2021-10-25', 'IN88888IND25/10/2021CJ082021LS2-IND50-00:00:00', 'Buy', '18041', '18197.65', '147.55', '₹590,204.70', '₹35,555,714.30', '₹36,145,919.00', '0:00:00', '₹36,395.30', '2022-07-31 05:04:14', '2022-07-31 05:04:14', 'IN88888IND'),
(80, 4, '2021-10-25', 'IN88888IND25/10/2021CJ082021LS2-IND50-00:00:00', 'Sell', '18155', '18175.85', '-29.94', '₹-119,751.70', '₹36,145,919.00', '₹36,026,167.30', '0:00:00', '₹36,351.70', '2022-07-31 05:04:14', '2022-07-31 05:04:14', 'IN88888IND'),
(81, 4, '2021-10-26', 'IN88888IND26/10/2021CJ082021LS2-IND50-00:00:00', 'Buy', '18230', '18218.35', '-20.76', '₹-83,036.70', '₹36,026,167.30', '₹35,943,130.60', '0:00:00', '₹36,460.00', '2022-07-31 05:04:14', '2022-07-31 05:04:14', 'IN88888IND'),
(82, 4, '2021-10-26', 'IN88888IND26/10/2021CJ082021LS2-IND50-10:46:15', 'Sell', '18187', '18142.35', '35.58', '₹142,315.30', '₹35,943,130.60', '₹36,085,445.90', '10:46:15', '₹36,374.00', '2022-07-31 05:04:14', '2022-07-31 05:04:14', 'IN88888IND'),
(83, 4, '2021-10-26', 'IN88888IND26/10/2021CJ082021LS2-IND50-11:40:00', 'Buy', '18145', '18306.55', '152.40', '₹609,586.90', '₹36,085,445.90', '₹36,695,032.80', '11:40:00', '₹36,613.10', '2022-07-31 05:04:14', '2022-07-31 05:04:14', 'IN88888IND'),
(84, 4, '2021-10-26', 'IN88888IND26/10/2021CJ082021LS2-IND50-00:00:00', 'Sell', '18275', '17685.65', '580.51', '₹2,322,028.70', '₹36,695,032.80', '₹39,017,061.50', '0:00:00', '₹36,550.00', '2022-07-31 05:04:14', '2022-07-31 05:04:14', 'IN88888IND'),
(85, 4, '2021-10-29', 'IN88888IND29/10/2021CJ082021LS2-IND50-00:00:00', 'Buy', '17715.55', '17881.75', '157.26', '₹629,036.50', '₹39,017,061.50', '₹39,646,098.00', '0:00:00', '₹35,763.50', '2022-07-31 05:04:14', '2022-07-31 05:04:14', 'IN88888IND'),
(86, 4, '2021-10-29', 'IN88888IND29/10/2021CJ082021LS2-IND50-00:00:00', 'Buy', '17862.75', '17828.75', '-42.91', '₹-171,657.50', '₹39,646,098.00', '₹39,474,440.50', '0:00:00', '₹35,725.50', '2022-07-31 05:04:14', '2022-07-31 05:04:14', 'IN88888IND'),
(87, 4, '2021-10-29', 'IN88888IND29/10/2021CJ082021LS2-IND50-00:00:00', 'Sell', '17805.65', '17682.25', '114.56', '₹458,235.50', '₹39,474,440.50', '₹39,932,676.00', '0:00:00', '₹35,611.30', '2022-07-31 05:04:14', '2022-07-31 05:04:14', 'IN88888IND'),
(88, 4, '2021-10-29', 'IN88888IND29/10/2021CJ082021LS2-IND50-15:00:01', 'Sell', '17785.45', '17810.75', '-34.21', '₹-136,821.50', '₹39,932,676.00', '₹39,795,854.50', '15:00:01', '₹35,621.50', '2022-07-31 05:04:14', '2022-07-31 05:04:14', 'IN88888IND'),
(89, 4, '2021-11-01', 'IN88888IND01/11/2021CJ082021LS2-IND50-09:31:15', 'Buy', '17776.35', '17819.75', '34.49', '₹137,960.50', '₹39,795,854.50', '₹39,933,815.00', '9:31:15', '₹35,639.50', '2022-07-31 05:04:14', '2022-07-31 05:04:14', 'IN88888IND'),
(90, 4, '2021-11-01', 'IN88888IND01/11/2021CJ082021LS2-IND50-10:10:43', 'Sell', '17819.75', '17816.95', '-6.11', '₹-24,433.90', '₹39,933,815.00', '₹39,909,381.10', '10:10:43', '₹35,639.50', '2022-07-31 05:04:14', '2022-07-31 05:04:14', 'IN88888IND'),
(91, 4, '2021-11-01', 'IN88888IND01/11/2021CJ082021LS2-IND50-00:00:00', 'Buy', '17816.95', '17993.45', '167.50', '₹670,013.10', '₹39,909,381.10', '₹40,579,394.20', '0:00:00', '₹35,986.90', '2022-07-31 05:04:14', '2022-07-31 05:04:14', 'IN88888IND'),
(92, 4, '2021-11-02', 'IN88888IND02/11/2021CJ082021LS2-IND50-13:56:30', 'Sell', '17948.95', '17948', '-8.02', '₹-32,096.00', '₹40,579,394.20', '₹40,547,298.20', '13:56:30', '₹35,897.90', '2022-07-31 05:04:14', '2022-07-31 05:04:14', 'IN88888IND'),
(93, 4, '2021-11-08', 'IN88888IND08/11/2021CJ082021LS2-IND50-10:30:15', 'Buy', '17899.65', '17924.85', '16.24', '₹64,950.30', '₹40,547,298.20', '₹40,612,248.50', '10:30:15', '₹35,849.70', '2022-07-31 05:04:14', '2022-07-31 05:04:14', 'IN88888IND'),
(94, 4, '2021-11-08', 'IN88888IND08/11/2021CJ082021LS2-IND50-11:36:41', 'Sell', '17924.85', '17948.95', '-33.07', '₹-132,297.90', '₹40,612,248.50', '₹40,479,950.60', '11:36:41', '₹35,897.90', '2022-07-31 05:04:14', '2022-07-31 05:04:14', 'IN88888IND'),
(95, 4, '2021-11-08', 'IN88888IND08/11/2021CJ082021LS2-IND50-11:58:13', 'Buy', '17956.45', '18104.45', '138.95', '₹555,791.10', '₹40,479,950.60', '₹41,035,741.70', '11:58:13', '₹36,208.90', '2022-07-31 05:04:14', '2022-07-31 05:04:14', 'IN88888IND'),
(96, 4, '2021-11-09', 'IN88888IND09/11/2021CJ082021LS2-IND50-12:18:15', 'Sell', '18066.55', '18075.65', '-18.14', '₹-72,551.30', '₹41,035,741.70', '₹40,963,190.40', '12:18:15', '₹36,151.30', '2022-07-31 05:04:14', '2022-07-31 05:04:14', 'IN88888IND'),
(97, 4, '2021-11-10', 'IN88888IND10/11/2021CJ082021LS2-IND50-10:03:01', 'Buy', '17955.45', '18044.55', '80.08', '₹320,310.90', '₹40,963,190.40', '₹41,283,501.30', '10:03:01', '₹36,089.10', '2022-07-31 05:04:14', '2022-07-31 05:04:14', 'IN88888IND'),
(98, 4, '2021-11-11', 'IN88888IND11/11/2021CJ082021LS2-IND50-09:24:05', 'Sell', '17948.75', '17902.85', '36.95', '₹147,794.30', '₹41,283,501.30', '₹41,431,295.60', '9:24:05', '₹35,897.50', '2022-07-31 05:04:14', '2022-07-31 05:04:14', 'IN88888IND'),
(99, 4, '2021-11-12', 'IN88888IND12/11/2021CJ082021LS2-IND50-11:15:48', 'Buy', '17962.75', '18177.8', '205.96', '₹823,844.40', '₹41,431,295.60', '₹42,255,140.00', '11:15:48', '₹36,355.60', '2022-07-31 05:04:14', '2022-07-31 05:04:14', 'IN88888IND'),
(100, 4, '2021-11-16', 'IN88888IND16/11/2021CJ082021LS2-IND50-14:12:05', 'Sell', '18098.75', '17433.45', '656.58', '₹2,626,333.10', '₹42,255,140.00', '₹44,881,473.10', '14:12:05', '₹36,197.50', '2022-07-31 05:04:14', '2022-07-31 05:04:14', 'IN88888IND'),
(101, 4, '2021-12-03', 'IN88888IND03/12/2021CJ082021LS2-IND50-12:54:03', 'Sell', '17348.85', '17045.65', '294.68', '₹1,178,708.70', '₹44,881,473.10', '₹46,060,181.80', '12:54:03', '₹34,697.70', '2022-07-31 05:04:14', '2022-07-31 05:04:14', 'IN88888IND'),
(102, 4, '2021-12-07', 'IN88888IND07/12/2021CJ082021LS2-IND50-00:00:00', 'Buy', '17125.55', '17228.35', '94.19', '₹376,743.30', '₹46,060,181.80', '₹46,436,925.10', '0:00:00', '₹34,456.70', '2022-07-31 05:04:14', '2022-07-31 05:04:14', 'IN88888IND'),
(103, 4, '2021-12-08', 'IN88888IND08/12/2021CJ082021LS2-IND50-09:15:54', 'Buy', '17352.45', '17487.85', '126.66', '₹506,624.30', '₹46,436,925.10', '₹46,943,549.40', '9:15:54', '₹34,975.70', '2022-07-31 05:04:14', '2022-07-31 05:04:14', 'IN88888IND'),
(104, 4, '2021-12-09', 'IN88888IND09/12/2021CJ082021LS2-IND50-10:51:15', 'Buy', '17465.55', '17519.75', '45.44', '₹181,760.50', '₹46,943,549.40', '₹47,125,309.90', '10:51:15', '₹35,039.50', '2022-07-31 05:04:14', '2022-07-31 05:04:14', 'IN88888IND'),
(105, 4, '2021-12-10', 'IN88888IND10/12/2021CJ082021LS2-IND50-10:16:32', 'Buy', '17470.35', '17505.4', '26.30', '₹105,189.20', '₹47,125,309.90', '₹47,230,499.10', '10:16:32', '₹35,010.80', '2022-07-31 05:04:14', '2022-07-31 05:04:14', 'IN88888IND'),
(106, 4, '2021-12-10', 'IN88888IND10/12/2021CJ082021LS2-IND50-00:00:00', 'Sell', '17505.4', '17455.65', '41.02', '₹164,088.70', '₹47,230,499.10', '₹47,394,587.80', '0:00:00', '₹35,010.80', '2022-07-31 05:04:14', '2022-07-31 05:04:14', 'IN88888IND'),
(107, 4, '2021-12-10', 'IN88888IND10/12/2021CJ082021LS2-IND50-14:09:10', 'Buy', '17503.35', '17614.85', '102.69', '₹410,770.30', '₹47,394,587.80', '₹47,805,358.10', '14:09:10', '₹35,229.70', '2022-07-31 05:04:14', '2022-07-31 05:04:14', 'IN88888IND'),
(108, 4, '2021-12-13', 'IN88888IND13/12/2021CJ082021LS2-IND50-12:39:05', 'Sell', '17503.35', '17351.65', '143.02', '₹572,096.70', '₹47,805,358.10', '₹48,377,454.80', '12:39:05', '₹35,006.70', '2022-07-31 05:04:14', '2022-07-31 05:04:14', 'IN88888IND'),
(109, 4, '2021-12-15', 'IN88888IND15/12/2021CJ082021LS2-IND50-00:00:00', 'Buy', '17331.85', '17304.3', '-36.20', '₹-144,808.60', '₹48,377,454.80', '₹48,232,646.20', '0:00:00', '₹34,663.70', '2022-07-31 05:04:14', '2022-07-31 05:04:14', 'IN88888IND'),
(110, 4, '2021-12-15', 'IN88888IND15/12/2021CJ082021LS2-IND50-09:38:46', 'Sell', '17303.85', '17286.85', '8.36', '₹33,426.30', '₹48,232,646.20', '₹48,266,072.50', '9:38:46', '₹34,607.70', '2022-07-31 05:04:14', '2022-07-31 05:04:14', 'IN88888IND'),
(111, 4, '2021-12-15', 'IN88888IND15/12/2021CJ082021LS2-IND50-14:36:44', 'Buy', '17321.45', '17300.45', '-29.65', '₹-118,600.90', '₹48,266,072.50', '₹48,147,471.60', '14:36:44', '₹34,642.90', '2022-07-31 05:04:14', '2022-07-31 05:04:14', 'IN88888IND'),
(112, 4, '2021-12-15', 'IN88888IND15/12/2021CJ082021LS2-IND50-00:00:00', 'Sell', '17270.75', '17371.95', '-109.89', '₹-439,543.90', '₹48,147,471.60', '₹47,707,927.70', '0:00:00', '₹34,743.90', '2022-07-31 05:04:14', '2022-07-31 05:04:14', 'IN88888IND'),
(113, 4, '2021-12-16', 'IN88888IND16/12/2021CJ082021LS2-IND50-09:30:45', 'Sell', '17349.85', '17291.65', '49.55', '₹198,216.70', '₹47,707,927.70', '₹47,906,144.40', '9:30:45', '₹34,699.70', '2022-07-31 05:04:14', '2022-07-31 05:04:14', 'IN88888IND'),
(114, 4, '2021-12-16', 'IN88888IND16/12/2021CJ082021LS2-IND50-00:00:00', 'Buy', '17291.85', '17288.35', '-12.14', '₹-48,576.70', '₹47,906,144.40', '₹47,857,567.70', '0:00:00', '₹34,583.70', '2022-07-31 05:04:14', '2022-07-31 05:04:14', 'IN88888IND'),
(115, 4, '2021-12-16', 'IN88888IND16/12/2021CJ082021LS2-IND50-12:56:58', 'Buy', '17308.65', '17303.45', '-13.85', '₹-55,406.90', '₹47,857,567.70', '₹47,802,160.80', '12:56:58', '₹34,617.30', '2022-07-31 05:04:14', '2022-07-31 05:04:14', 'IN88888IND'),
(116, 4, '2021-12-16', 'IN88888IND16/12/2021CJ082021LS2-IND50-00:00:00', 'Sell', '17309.85', '17314.95', '-13.76', '₹-55,029.90', '₹47,802,160.80', '₹47,747,130.90', '0:00:00', '₹34,629.90', '2022-07-31 05:04:14', '2022-07-31 05:04:14', 'IN88888IND'),
(117, 4, '2021-12-17', 'IN88888IND17/12/2021CJ082021LS2-IND50-09:35:05', 'Sell', '17190.05', '16510.65', '671.14', '₹2,684,578.70', '₹47,747,130.90', '₹50,431,709.60', '9:35:05', '₹34,380.10', '2022-07-31 05:04:14', '2022-07-31 05:04:14', 'IN88888IND'),
(118, 4, '2021-12-21', 'IN88888IND21/12/2021CJ082021LS2-IND50-12:06:15', 'Buy', '16942.55', '16910.35', '-40.66', '₹-162,620.70', '₹50,431,709.60', '₹50,269,088.90', '12:06:15', '₹33,885.10', '2022-07-31 05:04:14', '2022-07-31 05:04:14', 'IN88888IND'),
(119, 4, '2021-12-22', 'IN88888IND22/12/2021CJ082021LS2-IND50-09:27:06', 'Buy', '16884.95', '16872.7', '-20.69', '₹-82,745.40', '₹50,269,088.90', '₹50,186,343.50', '9:27:06', '₹33,769.90', '2022-07-31 05:04:14', '2022-07-31 05:04:14', 'IN88888IND'),
(120, 4, '2021-12-22', 'IN88888IND22/12/2021CJ082021LS2-IND50-11:54:02', 'Buy', '16901.8', '16882.75', '-27.49', '₹-109,965.50', '₹50,186,343.50', '₹50,076,378.00', '11:54:02', '₹33,803.60', '2022-07-31 05:04:14', '2022-07-31 05:04:14', 'IN88888IND'),
(121, 4, '2021-12-22', 'IN88888IND22/12/2021CJ082021LS2-IND50-14:24:40', 'Buy', '16915.45', '17068.65', '144.67', '₹578,662.70', '₹50,076,378.00', '₹50,655,040.70', '14:24:40', '₹34,137.30', '2022-07-31 05:04:14', '2022-07-31 05:04:14', 'IN88888IND'),
(122, 4, '2021-12-24', 'IN88888IND24/12/2021CJ082021LS2-IND50-00:00:00', 'Buy', '17080.55', '17054.75', '-34.33', '₹-137,309.50', '₹50,655,040.70', '₹50,517,731.20', '0:00:00', '₹34,161.10', '2022-07-31 05:04:14', '2022-07-31 05:04:14', 'IN88888IND'),
(123, 4, '2021-12-24', 'IN88888IND24/12/2021CJ082021LS2-IND50-09:39:15', 'Sell', '17046.35', '16965.55', '72.32', '₹289,268.90', '₹50,517,731.20', '₹50,807,000.10', '9:39:15', '₹34,092.70', '2022-07-31 05:04:14', '2022-07-31 05:04:14', 'IN88888IND'),
(124, 4, '2021-12-24', 'IN88888IND24/12/2021CJ082021LS2-IND50-00:00:00', 'Sell', '16969.5', '16984.75', '-23.74', '₹-94,969.50', '₹50,807,000.10', '₹50,712,030.60', '0:00:00', '₹33,969.50', '2022-07-31 05:04:14', '2022-07-31 05:04:14', 'IN88888IND'),
(125, 4, '2021-12-27', 'IN88888IND27/12/2021CJ082021LS2-IND50-00:00:00', 'Buy', '17005.55', '17198.45', '184.30', '₹737,203.10', '₹50,712,030.60', '₹51,449,233.70', '0:00:00', '₹34,396.90', '2022-07-31 05:04:14', '2022-07-31 05:04:14', 'IN88888IND'),
(126, 4, '2021-12-29', 'IN88888IND44559CJ082021LS2-IND50-15:03:00', 'Buy', '17223.95', '17218.65', '-13.91', '₹-55,637.30', '₹51,449,233.70', '₹51,393,596.40', '15:03:00', '₹34,447.90', '2022-07-31 05:04:14', '2022-07-31 05:04:14', 'IN88888IND'),
(127, 4, '2021-12-29', 'IN88888IND44559CJ082021LS2-IND50-00:00:00', 'Sell', '17216.45', '17235.3', '-27.47', '₹-109,870.60', '₹51,393,596.40', '₹51,283,725.80', '0:00:00', '₹34,470.60', '2022-07-31 05:04:14', '2022-07-31 05:04:14', 'IN88888IND'),
(128, 4, '2021-12-29', 'IN88888IND44559CJ082021LS2-IND50-14:15:20', 'Buy', '12248.6', '12231.15', '-23.57', '₹-94,262.30', '₹51,283,725.80', '₹51,189,463.50', '14:15:20', '₹24,497.20', '2022-07-31 05:04:14', '2022-07-31 05:04:14', 'IN88888IND'),
(129, 4, '2021-12-30', 'IN88888IND30/12/2021CJ082021LS2-IND50-10:12:00', 'Buy', '17237.95', '17219.55', '-27.01', '₹-108,039.10', '₹51,189,463.50', '₹51,081,424.40', '10:12:00', '₹34,475.90', '2022-07-31 05:04:14', '2022-07-31 05:04:14', 'IN88888IND'),
(130, 4, '2022-01-03', 'IN88888IND03/01/2022CJ082021LS2-IND50-10:00:02', 'Buy', '17523.85', '17826.75', '293.99', '₹1,175,946.50', '₹51,081,424.40', '₹52,257,370.90', '10:00:02', '₹35,653.50', '2022-07-31 05:04:14', '2022-07-31 05:04:14', 'IN88888IND'),
(131, 4, '2022-01-06', 'IN88888IND06/01/2022CJ082021LS2-IND50-09:21:44', 'Sell', '17824.75', '17763.55', '52.32', '₹209,272.90', '₹52,257,370.90', '₹52,466,643.80', '9:21:44', '₹35,649.50', '2022-07-31 05:04:14', '2022-07-31 05:04:14', 'IN88888IND'),
(132, 4, '2022-01-06', 'IN88888IND44567CJ082021LS2-IND50-00:00:00', 'Buy', '17763.45', '17758.6', '-13.73', '₹-54,917.20', '₹52,466,643.80', '₹52,411,726.60', '0:00:00', '₹35,526.90', '2022-07-31 05:04:14', '2022-07-31 05:04:14', 'IN88888IND'),
(133, 4, '2022-01-06', 'IN88888IND44567CJ082021LS2-IND50-00:00:00', 'Sell', '17758.6', '17736.45', '13.28', '₹53,127.10', '₹52,411,726.60', '₹52,464,853.70', '0:00:00', '₹35,517.20', '2022-07-31 05:04:14', '2022-07-31 05:04:14', 'IN88888IND'),
(134, 4, '2022-01-06', 'IN88888IND06/01/2022CJ082021LS2-IND50-12:45:14', 'Buy', '17736.55', '17843.4', '97.93', '₹391,713.20', '₹52,464,853.70', '₹52,856,566.90', '12:45:14', '₹35,686.80', '2022-07-31 05:04:14', '2022-07-31 05:04:14', 'IN88888IND'),
(135, 4, '2022-01-07', 'IN88888IND07/01/2022CJ082021LS2-IND50-13:15:12', 'Buy', '17816.95', '17804.9', '-20.95', '₹-83,809.80', '₹52,856,566.90', '₹52,772,757.10', '13:15:12', '₹35,633.90', '2022-07-31 05:04:14', '2022-07-31 05:04:14', 'IN88888IND'),
(136, 4, '2022-01-14', 'IN88888IND14/01/2022CJ082021LS2-IND50-00:00:00', 'Sell', '18233.3', '18239.55', '-15.37', '₹-61,479.10', '₹52,772,757.10', '₹52,711,278.00', '0:00:00', '₹36,479.10', '2022-07-31 05:04:14', '2022-07-31 05:04:14', 'IN88888IND'),
(137, 4, '2022-01-14', 'IN88888IND14/01/2022CJ082021LS2-IND50-00:00:00', 'Buy', '18244.65', '18295.55', '41.75', '₹167,008.90', '₹52,711,278.00', '₹52,878,286.90', '0:00:00', '₹36,591.10', '2022-07-31 05:04:14', '2022-07-31 05:04:14', 'IN88888IND'),
(138, 4, '2022-01-18', 'IN88888IND18/01/2022CJ082021LS2-IND50-00:00:00', 'Buy', '18222.8', '18294.4', '62.45', '₹249,811.20', '₹52,878,286.90', '₹53,128,098.10', '0:00:00', '₹36,588.80', '2022-07-31 05:04:14', '2022-07-31 05:04:14', 'IN88888IND'),
(139, 4, '2022-01-18', 'IN88888IND18/01/2022CJ082021LS2-IND50-00:00:00', 'Sell', '18297.65', '18045.65', '242.98', '₹971,908.70', '₹53,128,098.10', '₹54,100,006.80', '0:00:00', '₹36,595.30', '2022-07-31 05:04:14', '2022-07-31 05:04:14', 'IN88888IND'),
(140, 4, '2022-01-19', 'IN88888IND19/01/2022CJ082021LS2-IND50-00:00:00', 'Buy', '18045.65', '18043.55', '-11.12', '₹-44,487.10', '₹54,100,006.80', '₹54,055,519.70', '0:00:00', '₹36,091.30', '2022-07-31 05:04:14', '2022-07-31 05:04:14', 'IN88888IND'),
(141, 4, '2022-01-19', 'IN88888IND19/01/2022CJ082021LS2-IND50-00:00:00', 'Sell', '18043.5', '17922.75', '111.79', '₹447,154.50', '₹54,055,519.70', '₹54,502,674.20', '0:00:00', '₹36,087.00', '2022-07-31 05:04:14', '2022-07-31 05:04:14', 'IN88888IND'),
(142, 4, '2022-01-19', 'IN88888IND19/01/2022CJ082021LS2-IND50-00:00:00', 'Buy', '17927.65', '17912.55', '-24.06', '₹-96,225.10', '₹54,502,674.20', '₹54,406,449.10', '0:00:00', '₹35,855.30', '2022-07-31 05:04:14', '2022-07-31 05:04:14', 'IN88888IND'),
(143, 4, '2022-01-20', 'IN88888IND20/01/2022CJ082021LS2-IND50-00:00:00', 'Sell', '17883.55', '17786.95', '87.71', '₹350,826.10', '₹54,406,449.10', '₹54,757,275.20', '0:00:00', '₹35,767.10', '2022-07-31 05:04:14', '2022-07-31 05:04:14', 'IN88888IND'),
(144, 4, '2022-02-03', 'IN88888IND03/02/2022CJ082021LS2-IND50-14:09:57', 'Sell', '17622.45', '17133.65', '480.23', '₹1,920,932.70', '₹54,757,275.20', '₹56,678,207.90', '14:09:57', '₹35,244.90', '2022-07-31 05:04:14', '2022-07-31 05:04:14', 'IN88888IND'),
(145, 4, '2022-02-08', 'IN88888IND08/02/2022CJ082021LS2-IND50-12:36:11', 'Buy', '17242.7', '17193.45', '-57.85', '₹-231,386.90', '₹56,678,207.90', '₹56,446,821.00', '12:36:11', '₹34,485.40', '2022-07-31 05:04:14', '2022-07-31 05:04:14', 'IN88888IND'),
(146, 4, '2022-02-08', 'IN88888IND08/02/2022CJ082021LS2-IND50-13:54:05', 'Sell', '17198.3', '17210.15', '-20.46', '₹-81,820.30', '₹56,446,821.00', '₹56,365,000.70', '13:54:05', '₹34,420.30', '2022-07-31 05:04:14', '2022-07-31 05:04:14', 'IN88888IND'),
(147, 4, '2022-02-08', 'IN88888IND08/02/2022CJ082021LS2-IND50-14:58:15', 'Buy', '17223.85', '17460', '227.42', '₹909,680.00', '₹56,365,000.70', '₹57,274,680.70', '14:58:15', '₹34,920.00', '2022-07-31 05:04:14', '2022-07-31 05:04:14', 'IN88888IND'),
(148, 4, '2022-02-09', 'IN88888IND09/02/2022CJ082021LS2-IND50-00:00:00', 'Buy', '17460', '17423.65', '-45.06', '₹-180,247.30', '₹57,274,680.70', '₹57,094,433.40', '0:00:00', '₹34,920.00', '2022-07-31 05:04:14', '2022-07-31 05:04:14', 'IN88888IND'),
(149, 4, '2022-02-11', 'IN88888IND11/02/2022CJ082021LS2-IND50-00:00:00', 'Buy', '17314.55', '17333.4', '10.18', '₹40,733.20', '₹57,094,433.40', '₹57,135,166.60', '0:00:00', '₹34,666.80', '2022-07-31 05:04:14', '2022-07-31 05:04:14', 'IN88888IND'),
(150, 4, '2022-02-15', 'IN88888IND15/02/2022CJ082021LS2-IND50-00:00:00', 'Buy', '17112.25', '17339.7', '218.78', '₹875,120.60', '₹57,135,166.60', '₹58,010,287.20', '0:00:00', '₹34,679.40', '2022-07-31 05:04:14', '2022-07-31 05:04:14', 'IN88888IND'),
(151, 4, '2022-02-17', 'IN88888IND17/02/2022CJ082021LS2-IND50-00:00:00', 'Sell', '17364.9', '17360.55', '-4.33', '₹-17,321.10', '₹58,010,287.20', '₹57,992,966.10', '0:00:00', '₹34,729.80', '2022-07-31 05:04:14', '2022-07-31 05:04:14', 'IN88888IND'),
(152, 4, '2022-02-18', 'IN88888IND18/02/2022CJ082021LS2-IND50-00:00:00', 'Buy', '17360.55', '17308.75', '-60.45', '₹-241,817.50', '₹57,992,966.10', '₹57,751,148.60', '0:00:00', '₹34,721.10', '2022-07-31 05:04:14', '2022-07-31 05:04:14', 'IN88888IND'),
(153, 4, '2022-02-21', 'IN88888IND21/02/2022CJ082021LS2-IND50-14:06:15', 'Sell', '17276.5', '17203.4', '64.50', '₹257,993.20', '₹57,751,148.60', '₹58,009,141.80', '14:06:15', '₹34,553.00', '2022-07-31 05:04:14', '2022-07-31 05:04:14', 'IN88888IND'),
(154, 4, '2022-02-23', 'IN88888IND23/02/2022CJ082021LS2-IND50-20:35:12', 'Sell', '17055.7', '16611.3', '436.09', '₹1,744,377.40', '₹58,009,141.80', '₹59,753,519.20', '20:35:12', '₹34,111.40', '2022-07-31 05:04:14', '2022-07-31 05:04:14', 'IN88888IND'),
(155, 4, '2022-02-28', 'IN88888IND28/02/2022CJ082021LS2-IND50-10:35:15', 'Buy', '16502.3', '16667.8', '157.17', '₹628,664.40', '₹59,753,519.20', '₹60,382,183.60', '10:35:15', '₹33,335.60', '2022-07-31 05:04:14', '2022-07-31 05:04:14', 'IN88888IND'),
(156, 4, '2022-03-03', 'IN88888IND03/03/2022CJ082021LS2-IND50-12:44:59', 'Buy', '16557.9', '16522.3', '-43.86', '₹-175,444.60', '₹60,382,183.60', '₹60,206,739.00', '12:44:59', '₹33,115.80', '2022-07-31 05:04:14', '2022-07-31 05:04:14', 'IN88888IND'),
(157, 4, '2022-03-03', 'IN88888IND03/03/2022CJ082021LS2-IND50-00:00:00', 'Sell', '16521.1', '16561.15', '-48.33', '₹-193,322.30', '₹60,206,739.00', '₹60,013,416.70', '0:00:00', '₹33,122.30', '2022-07-31 05:04:14', '2022-07-31 05:04:14', 'IN88888IND'),
(158, 4, '2022-03-03', 'IN88888IND03/03/2022CJ082021LS2-IND50-00:00:00', 'Sell', '16520.55', '16535.6', '-23.32', '₹-93,271.20', '₹60,013,416.70', '₹59,920,145.50', '0:00:00', '₹33,071.20', '2022-07-31 05:04:14', '2022-07-31 05:04:14', 'IN88888IND'),
(159, 4, '2022-03-03', 'IN88888IND03/03/2022CJ082021LS2-IND50-21:01:15', 'Sell', '16468.55', '16474.4', '-14.09', '₹-56,348.80', '₹59,920,145.50', '₹59,863,796.70', '21:01:15', '₹32,948.80', '2022-07-31 05:04:14', '2022-07-31 05:04:14', 'IN88888IND'),
(160, 4, '2022-03-09', 'IN88888IND09/03/2022CJ082021LS2-IND50-12:15:18', 'Buy', '16197.2', '16369.6', '164.22', '₹656,860.80', '₹59,863,796.70', '₹60,520,657.50', '12:15:18', '₹32,739.20', '2022-07-31 05:04:14', '2022-07-31 05:04:14', 'IN88888IND'),
(161, 4, '2022-03-15', 'IN88888IND15/03/2022CJ082021LS2-IND50-13:55:10', 'Sell', '16652.9', '16710.15', '-65.61', '₹-262,420.30', '₹60,520,657.50', '₹60,258,237.20', '13:55:10', '₹33,420.30', '2022-07-31 05:04:14', '2022-07-31 05:04:14', 'IN88888IND'),
(162, 4, '2022-03-16', 'IN88888IND16/03/2022CJ082021LS2-IND50-14:35:15', 'Buy', '16952.55', '17237.9', '276.73', '₹1,106,924.20', '₹60,258,237.20', '₹61,365,161.40', '14:35:15', '₹34,475.80', '2022-07-31 05:04:14', '2022-07-31 05:04:14', 'IN88888IND'),
(163, 4, '2022-03-21', 'IN88888IND21/03/2022CJ082021LS2-IND50-00:00:00', 'Sell', '17185.55', '17089.65', '87.36', '₹349,420.70', '₹61,365,161.40', '₹61,714,582.10', '0:00:00', '₹34,371.10', '2022-07-31 05:04:14', '2022-07-31 05:04:14', 'IN88888IND'),
(164, 4, '2022-03-22', 'IN88888IND22/03/2022CJ082021LS2-IND50-00:00:00', 'Buy', '17095.9', '17285.6', '181.06', '₹724,228.80', '₹61,714,582.10', '₹62,438,810.90', '0:00:00', '₹34,571.20', '2022-07-31 05:04:14', '2022-07-31 05:04:14', 'IN88888IND'),
(165, 4, '2022-04-06', 'IN88888IND06/04/2022CJ082021LS2-IND50-00:00:00', 'Sell', '17918.35', '17950.65', '-41.28', '₹-165,101.30', '₹62,438,810.90', '₹62,273,709.60', '0:00:00', '₹35,901.30', '2022-07-31 05:04:14', '2022-07-31 05:04:14', 'IN88888IND'),
(166, 4, '2022-04-06', 'IN88888IND06/04/2022CJ082021LS2-IND50-00:00:00', 'Buy', '17875.3', '17864.55', '-19.68', '₹-78,729.10', '₹62,273,709.60', '₹62,194,980.50', '0:00:00', '₹35,750.60', '2022-07-31 05:04:14', '2022-07-31 05:04:14', 'IN88888IND'),
(167, 4, '2022-04-07', 'IN88888IND07/04/2022CJ082021LS2-IND50-00:00:00', 'Sell', '17799.55', '17764.6', '26.07', '₹104,270.80', '₹62,194,980.50', '₹62,299,251.30', '0:00:00', '₹35,599.10', '2022-07-31 05:04:14', '2022-07-31 05:04:14', 'IN88888IND'),
(168, 4, '2022-04-08', 'IN88888IND08/04/2022CJ082021LS2-IND50-13:35:30', 'Buy', '17833.75', '17847.9', '5.23', '₹20,904.20', '₹62,299,251.30', '₹62,320,155.50', '13:35:30', '₹35,695.80', '2022-07-31 05:04:14', '2022-07-31 05:04:14', 'IN88888IND'),
(169, 4, '2022-04-11', 'IN88888IND11/04/2022CJ082021LS2-IND50-07:05:10', 'Sell', '17847.9', '17758.6', '80.42', '₹321,682.80', '₹62,320,155.50', '₹62,641,838.30', '7:05:10', '₹35,695.80', '2022-07-31 05:04:14', '2022-07-31 05:04:14', 'IN88888IND'),
(170, 4, '2022-04-11', 'IN88888IND11/04/2022CJ082021LS2-IND50-14:15:20', 'Sell', '17767.8', '17565.25', '193.77', '₹775,069.50', '₹62,641,838.30', '₹63,416,907.80', '14:15:20', '₹35,535.60', '2022-07-31 05:04:14', '2022-07-31 05:04:14', 'IN88888IND'),
(171, 5, '2020-10-05', 'IN55555IND44109BR102020LS3-IND50-00:00:00', 'buy', '11505', '11850', '339.07', '₹ 2,034,450.00', '₹ 30,000,000.00', '₹ 32,034,450.00', '0:00:00', '35550', '2022-07-31 05:04:15', '2022-07-31 05:04:15', 'IN55555IND'),
(172, 5, '2020-10-09', 'IN55555IND44113BR102020LS3-IND50-00:00:00', 'buy', '11860', '11840', '-25.92', '₹ -155,520.00', '₹ 32,034,450.00', '₹ 31,878,930.00', '0:00:00', '35580', '2022-07-31 05:04:15', '2022-07-31 05:04:15', 'IN55555IND'),
(173, 5, '2020-10-13', 'IN55555IND44117BR102020LS3-IND50-00:00:00', 'sell', '11940', '11950', '-15.98', '₹ -95,850.00', '₹ 31,878,930.00', '₹ 31,783,080.00', '0:00:00', '35850', '2022-07-31 05:04:15', '2022-07-31 05:04:15', 'IN55555IND'),
(174, 5, '2020-10-13', 'IN55555IND44117BR102020LS3-IND50-00:00:00', 'buy', '11950', '11900', '-55.95', '₹ -335,700.00', '₹ 31,783,080.00', '₹ 31,447,380.00', '0:00:00', '35850', '2022-07-31 05:04:15', '2022-07-31 05:04:15', 'IN55555IND'),
(175, 5, '2020-10-14', 'IN55555IND44118BR102020LS3-IND50-00:00:00', 'sell', '11900', '11860', '34.07', '₹ 204,420.00', '₹ 31,447,380.00', '₹ 31,651,800.00', '0:00:00', '35700', '2022-07-31 05:04:15', '2022-07-31 05:04:15', 'IN55555IND'),
(176, 5, '2020-10-14', 'IN55555IND44118BR102020LS3-IND50-00:00:00', 'buy', '11955', '11910', '-50.95', '₹ -305,730.00', '₹ 31,651,800.00', '₹ 31,346,070.00', '0:00:00', '35865', '2022-07-31 05:04:15', '2022-07-31 05:04:15', 'IN55555IND'),
(177, 5, '2020-10-15', 'IN55555IND44119BR102020LS3-IND50-00:00:00', 'buy', '11890', '11830', '-65.92', '₹ -395,490.00', '₹ 31,346,070.00', '₹ 30,950,580.00', '0:00:00', '35670', '2022-07-31 05:04:15', '2022-07-31 05:04:15', 'IN55555IND'),
(178, 5, '2020-10-15', 'IN55555IND44119BR102020LS3-IND50-00:00:00', 'sell', '11840', '11740', '94.13', '₹ 564,780.00', '₹ 30,950,580.00', '₹ 31,515,360.00', '0:00:00', '35520', '2022-07-31 05:04:15', '2022-07-31 05:04:15', 'IN55555IND'),
(179, 5, '2020-10-19', 'IN55555IND44123BR102020LS3-IND50-00:00:00', 'buy', '11830', '11865', '29.07', '₹ 174,405.00', '₹ 31,515,360.00', '₹ 31,689,765.00', '0:00:00', '35595', '2022-07-31 05:04:15', '2022-07-31 05:04:15', 'IN55555IND'),
(180, 5, '2020-10-19', 'IN55555IND44123BR102020LS3-IND50-00:00:00', 'sell', '11865', '11870', '-10.94', '₹ -65,610.00', '₹ 31,689,765.00', '₹ 31,624,155.00', '0:00:00', '35610', '2022-07-31 05:04:15', '2022-07-31 05:04:15', 'IN55555IND'),
(181, 5, '2020-10-20', 'IN55555IND44124BR102020LS3-IND50-00:00:00', 'buy', '11870', '11900', '24.05', '₹ 144,300.00', '₹ 31,624,155.00', '₹ 31,768,455.00', '0:00:00', '35700', '2022-07-31 05:04:15', '2022-07-31 05:04:15', 'IN55555IND'),
(182, 5, '2020-10-20', 'IN55555IND44124BR102020LS3-IND50-00:00:00', 'sell', '11900', '11960', '-65.98', '₹ -395,880.00', '₹ 31,768,455.00', '₹ 31,372,575.00', '0:00:00', '35880', '2022-07-31 05:04:15', '2022-07-31 05:04:15', 'IN55555IND'),
(183, 5, '2020-10-21', 'IN55555IND44125BR102020LS3-IND50-00:00:00', 'sell', '11890', '11870', '14.06', '₹ 84,390.00', '₹ 31,372,575.00', '₹ 31,456,965.00', '0:00:00', '35670', '2022-07-31 05:04:15', '2022-07-31 05:04:15', 'IN55555IND'),
(184, 5, '2020-10-21', 'IN55555IND44125BR102020LS3-IND50-00:00:00', 'buy', '11870', '11860', '-15.93', '₹ -95,580.00', '₹ 31,456,965.00', '₹ 31,361,385.00', '0:00:00', '35610', '2022-07-31 05:04:15', '2022-07-31 05:04:15', 'IN55555IND'),
(185, 5, '2020-10-23', 'IN55555IND44127BR102020LS3-IND50-00:00:00', 'buy', '11955', '11936', '-24.97', '₹ -149,808.00', '₹ 31,361,385.00', '₹ 31,211,577.00', '0:00:00', '35865', '2022-07-31 05:04:15', '2022-07-31 05:04:15', 'IN55555IND'),
(186, 5, '2020-10-26', 'IN55555IND44130BR102020LS3-IND50-00:00:00', 'buy', '11890', '11870', '-25.94', '₹ -155,610.00', '₹ 31,211,577.00', '₹ 31,055,967.00', '0:00:00', '35670', '2022-07-31 05:04:15', '2022-07-31 05:04:15', 'IN55555IND'),
(187, 5, '2020-10-26', 'IN55555IND44130BR102020LS3-IND50-00:00:00', 'sell', '11870', '11836', '28.08', '₹ 168,492.00', '₹ 31,055,967.00', '₹ 31,224,459.00', '0:00:00', '35610', '2022-07-31 05:04:15', '2022-07-31 05:04:15', 'IN55555IND'),
(188, 5, '2020-10-26', 'IN55555IND44130BR102020LS3-IND50-00:00:00', 'buy', '11836', '11820', '-21.91', '₹ -131,460.00', '₹ 31,224,459.00', '₹ 31,092,999.00', '0:00:00', '35508', '2022-07-31 05:04:15', '2022-07-31 05:04:15', 'IN55555IND'),
(189, 5, '2020-10-26', 'IN55555IND44130BR102020LS3-IND50-00:00:00', 'sell', '11820', '11776', '38.11', '₹ 228,672.00', '₹ 31,092,999.00', '₹ 31,321,671.00', '0:00:00', '35460', '2022-07-31 05:04:15', '2022-07-31 05:04:15', 'IN55555IND'),
(190, 5, '2020-10-27', 'IN55555IND44131BR102020LS3-IND50-00:00:00', 'buy', '11850', '11890', '34.05', '₹ 204,330.00', '₹ 31,321,671.00', '₹ 31,526,001.00', '0:00:00', '35670', '2022-07-31 05:04:15', '2022-07-31 05:04:15', 'IN55555IND'),
(191, 5, '2020-10-29', 'IN55555IND44133BR102020LS3-IND50-00:00:00', 'sell', '11890', '11700', '184.15', '₹ 1,104,900.00', '₹ 31,526,001.00', '₹ 32,630,901.00', '0:00:00', '35670', '2022-07-31 05:04:15', '2022-07-31 05:04:15', 'IN55555IND'),
(192, 5, '2020-10-30', 'IN55555IND44134BR102020LS3-IND50-00:00:00', 'buy', '11740', '11680', '-65.84', '₹ -395,040.00', '₹ 32,630,901.00', '₹ 32,235,861.00', '0:00:00', '35220', '2022-07-31 05:04:15', '2022-07-31 05:04:15', 'IN55555IND'),
(193, 5, '2020-10-30', 'IN55555IND44134BR102020LS3-IND50-00:00:00', 'sell', '11660', '11610', '44.20', '₹ 265,170.00', '₹ 32,235,861.00', '₹ 32,501,031.00', '0:00:00', '34980', '2022-07-31 05:04:15', '2022-07-31 05:04:15', 'IN55555IND'),
(194, 5, '2020-11-02', 'IN55555IND44137BR102020LS3-IND50-00:00:00', 'sell', '11640', '11625', '9.19', '₹ 55,125.00', '₹ 32,501,031.00', '₹ 32,556,156.00', '0:00:00', '34920', '2022-07-31 05:04:15', '2022-07-31 05:04:15', 'IN55555IND'),
(195, 5, '2020-11-02', 'IN55555IND44137BR102020LS3-IND50-00:00:00', 'buy', '11625', '11840', '209.08', '₹ 1,254,480.00', '₹ 32,556,156.00', '₹ 33,810,636.00', '0:00:00', '35520', '2022-07-31 05:04:15', '2022-07-31 05:04:15', 'IN55555IND'),
(196, 5, '2020-11-04', 'IN55555IND44139BR102020LS3-IND50-00:00:00', 'buy', '11820', '12640', '813.68', '₹ 4,882,080.00', '₹ 33,810,636.00', '₹ 38,692,716.00', '0:00:00', '37920', '2022-07-31 05:04:15', '2022-07-31 05:04:15', 'IN55555IND'),
(197, 5, '2020-11-11', 'IN55555IND44146BR102020LS3-IND50-00:00:00', 'buy', '12640', '12695', '48.65', '₹ 291,915.00', '₹ 38,692,716.00', '₹ 38,984,631.00', '0:00:00', '38085', '2022-07-31 05:04:15', '2022-07-31 05:04:15', 'IN55555IND'),
(198, 5, '2020-11-12', 'IN55555IND44147BR102020LS3-IND50-00:00:00', 'buy', '12675', '12620', '-61.31', '₹ -367,860.00', '₹ 38,984,631.00', '₹ 38,616,771.00', '0:00:00', '38025', '2022-07-31 05:04:15', '2022-07-31 05:04:15', 'IN55555IND'),
(199, 5, '2020-11-13', 'IN55555IND44148BR102020LS3-IND50-00:00:00', 'buy', '12700', '12860', '153.57', '₹ 921,420.00', '₹ 38,616,771.00', '₹ 39,538,191.00', '0:00:00', '38580', '2022-07-31 05:04:15', '2022-07-31 05:04:15', 'IN55555IND'),
(200, 5, '2020-11-18', 'IN55555IND44153BR102020LS3-IND50-00:00:00', 'buy', '12850', '12915', '58.54', '₹ 351,255.00', '₹ 39,538,191.00', '₹ 39,889,446.00', '0:00:00', '38745', '2022-07-31 05:04:15', '2022-07-31 05:04:15', 'IN55555IND'),
(201, 5, '2020-11-19', 'IN55555IND44154BR102020LS3-IND50-00:00:00', 'sell', '12865', '12830', '28.59', '₹ 171,510.00', '₹ 39,889,446.00', '₹ 40,060,956.00', '0:00:00', '38595', '2022-07-31 05:04:15', '2022-07-31 05:04:15', 'IN55555IND'),
(202, 5, '2020-11-20', 'IN55555IND44155BR102020LS3-IND50-00:00:00', 'buy', '12820', '12875', '48.56', '₹ 291,375.00', '₹ 40,060,956.00', '₹ 40,352,331.00', '0:00:00', '38625', '2022-07-31 05:04:15', '2022-07-31 05:04:15', 'IN55555IND'),
(203, 5, '2020-11-23', 'IN55555IND44158BR102020LS3-IND50-00:00:00', 'sell', '12880', '12865', '8.57', '₹ 51,405.00', '₹ 40,352,331.00', '₹ 40,403,736.00', '0:00:00', '38640', '2022-07-31 05:04:15', '2022-07-31 05:04:15', 'IN55555IND');
INSERT INTO `stock_assignments` (`id`, `member_id`, `date`, `trade_id`, `position`, `stock_entry`, `stock_exit`, `net_exit`, `amount`, `opening_balance`, `closing_balance`, `time`, `brokrage`, `created_at`, `updated_at`, `member_code`) VALUES
(204, 5, '2020-11-23', 'IN55555IND44158BR102020LS3-IND50-00:00:00', 'buy', '12865', '12884', '12.56', '₹ 75,348.00', '₹ 40,403,736.00', '₹ 40,479,084.00', '0:00:00', '38652', '2022-07-31 05:04:15', '2022-07-31 05:04:15', 'IN55555IND'),
(205, 5, '2020-11-23', 'IN55555IND44158BR102020LS3-IND50-00:00:00', 'buy', '12930', '13065', '128.47', '₹ 770,805.00', '₹ 40,479,084.00', '₹ 41,249,889.00', '0:00:00', '39195', '2022-07-31 05:04:15', '2022-07-31 05:04:15', 'IN55555IND'),
(206, 5, '2020-11-25', 'IN55555IND44160BR102020LS3-IND50-00:00:00', 'buy', '13000', '12980', '-26.49', '₹ -158,940.00', '₹ 41,249,889.00', '₹ 41,090,949.00', '0:00:00', '39000', '2022-07-31 05:04:15', '2022-07-31 05:04:15', 'IN55555IND'),
(207, 5, '2020-11-25', 'IN55555IND44160BR102020LS3-IND50-00:00:00', 'sell', '12870', '12850', '13.57', '₹ 81,450.00', '₹ 41,090,949.00', '₹ 41,172,399.00', '0:00:00', '38610', '2022-07-31 05:04:15', '2022-07-31 05:04:15', 'IN55555IND'),
(208, 5, '2020-11-26', 'IN55555IND44161BR102020LS3-IND50-00:00:00', 'sell', '12930', '12950', '-26.48', '₹ -158,850.00', '₹ 41,172,399.00', '₹ 41,013,549.00', '0:00:00', '38850', '2022-07-31 05:04:15', '2022-07-31 05:04:15', 'IN55555IND'),
(209, 5, '2020-11-26', 'IN55555IND44161BR102020LS3-IND50-00:00:00', 'buy', '12990', '13020', '23.49', '₹ 140,940.00', '₹ 41,013,549.00', '₹ 41,154,489.00', '0:00:00', '39060', '2022-07-31 05:04:15', '2022-07-31 05:04:15', 'IN55555IND'),
(210, 5, '2020-11-27', 'IN55555IND44162BR102020LS3-IND50-00:00:00', 'sell', '13020', '13036', '-22.52', '₹ -135,108.00', '₹ 41,154,489.00', '₹ 41,019,381.00', '0:00:00', '39108', '2022-07-31 05:04:15', '2022-07-31 05:04:15', 'IN55555IND'),
(211, 5, '2020-11-27', 'IN55555IND44162BR102020LS3-IND50-00:00:00', 'buy', '13075', '13025', '-56.51', '₹ -339,075.00', '₹ 41,019,381.00', '₹ 40,680,306.00', '0:00:00', '39225', '2022-07-31 05:04:15', '2022-07-31 05:04:15', 'IN55555IND'),
(212, 5, '2020-12-01', 'IN55555IND44166BR102020LS3-IND50-00:00:00', 'Buy', '15600', '15625', '17.19', '₹ 103,125.00', '₹ 40,680,306.00', '₹ 40,783,431.00', '0:00:00', '46875', '2022-07-31 05:04:15', '2022-07-31 05:04:15', 'IN55555IND'),
(213, 5, '2020-12-01', 'IN55555IND44166BR102020LS3-IND50-00:00:00', 'buy', '13020', '13120', '93.44', '₹ 560,640.00', '₹ 40,783,431.00', '₹ 41,344,071.00', '0:00:00', '39360', '2022-07-31 05:04:15', '2022-07-31 05:04:15', 'IN55555IND'),
(214, 5, '2020-12-02', 'IN55555IND44167BR102020LS3-IND50-00:00:00', 'buy', '13055', '13240', '178.38', '₹ 1,070,280.00', '₹ 41,344,071.00', '₹ 42,414,351.00', '0:00:00', '39720', '2022-07-31 05:04:15', '2022-07-31 05:04:15', 'IN55555IND'),
(215, 5, '2020-12-07', 'IN55555IND44172BR102020LS3-IND50-00:00:00', 'buy', '13345', '13390', '38.30', '₹ 229,830.00', '₹ 42,414,351.00', '₹ 42,644,181.00', '0:00:00', '40170', '2022-07-31 05:04:15', '2022-07-31 05:04:15', 'IN55555IND'),
(216, 5, '2020-12-08', 'IN55555IND44173BR102020LS3-IND50-00:00:00', 'buy', '13410', '13490', '73.25', '₹ 439,530.00', '₹ 42,644,181.00', '₹ 43,083,711.00', '0:00:00', '40470', '2022-07-31 05:04:15', '2022-07-31 05:04:15', 'IN55555IND'),
(217, 5, '2020-12-10', 'IN55555IND44175BR102020LS3-IND50-00:00:00', 'buy', '13465', '13440', '-31.72', '₹ -190,320.00', '₹ 43,083,711.00', '₹ 42,893,391.00', '0:00:00', '40395', '2022-07-31 05:04:15', '2022-07-31 05:04:15', 'IN55555IND'),
(218, 5, '2020-12-10', 'IN55555IND44175BR102020LS3-IND50-00:00:00', 'buy', '13445', '13545', '93.23', '₹ 559,365.00', '₹ 42,893,391.00', '₹ 43,452,756.00', '0:00:00', '40635', '2022-07-31 05:04:15', '2022-07-31 05:04:15', 'IN55555IND'),
(219, 5, '2020-12-11', 'IN55555IND44176BR102020LS3-IND50-00:00:00', 'buy', '13475', '13490', '8.25', '₹ 49,530.00', '₹ 43,452,756.00', '₹ 43,502,286.00', '0:00:00', '40470', '2022-07-31 05:04:15', '2022-07-31 05:04:15', 'IN55555IND'),
(220, 5, '2020-12-15', 'IN55555IND44180BR102020LS3-IND50-00:00:00', 'buy', '13525', '13750', '218.12', '₹ 1,308,750.00', '₹ 43,502,286.00', '₹ 44,811,036.00', '0:00:00', '41250', '2022-07-31 05:04:15', '2022-07-31 05:04:15', 'IN55555IND'),
(221, 5, '2020-12-18', 'IN55555IND44183BR102020LS3-IND50-00:00:00', 'buy', '13700', '13700', '-6.85', '₹ -41,100.00', '₹ 44,811,036.00', '₹ 44,769,936.00', '0:00:00', '41100', '2022-07-31 05:04:15', '2022-07-31 05:04:15', 'IN55555IND'),
(222, 5, '2020-12-21', 'IN55555IND44186BR102020LS3-IND50-00:00:00', 'sell', '13640', '13340', '293.33', '₹ 1,759,980.00', '₹ 44,769,936.00', '₹ 46,529,916.00', '0:00:00', '40920', '2022-07-31 05:04:15', '2022-07-31 05:04:15', 'IN55555IND'),
(223, 5, '2020-12-22', 'IN55555IND44187BR102020LS3-IND50-00:00:00', 'buy', '13500', '13900', '393.05', '₹ 2,358,300.00', '₹ 46,529,916.00', '₹ 48,888,216.00', '0:00:00', '41700', '2022-07-31 05:04:15', '2022-07-31 05:04:15', 'IN55555IND'),
(224, 5, '2020-12-30', 'IN55555IND44195BR102020LS3-IND50-00:00:00', 'buy', '13930', '14030', '92.98', '₹ 557,910.00', '₹ 48,888,216.00', '₹ 49,446,126.00', '0:00:00', '42090', '2022-07-31 05:04:15', '2022-07-31 05:04:15', 'IN55555IND'),
(225, 5, '2021-01-04', 'IN55555IND44200BR102020LS3-IND50-00:00:00', 'buy', '14040', '14200', '152.90', '₹ 917,400.00', '₹ 49,446,126.00', '₹ 50,363,526.00', '0:00:00', '42600', '2022-07-31 05:04:15', '2022-07-31 05:04:15', 'IN55555IND'),
(226, 5, '2021-01-06', 'IN55555IND44202BR102020LS3-IND50-00:00:00', 'sell', '14140', '14175', '-42.09', '₹ -252,525.00', '₹ 50,363,526.00', '₹ 50,111,001.00', '0:00:00', '42525', '2022-07-31 05:04:15', '2022-07-31 05:04:15', 'IN55555IND'),
(227, 5, '2021-01-06', 'IN55555IND44202BR102020LS3-IND50-00:00:00', 'buy', '14185', '14580', '387.71', '₹ 2,326,260.00', '₹ 50,111,001.00', '₹ 52,437,261.00', '0:00:00', '43740', '2022-07-31 05:04:15', '2022-07-31 05:04:15', 'IN55555IND'),
(228, 5, '2021-01-13', 'IN55555IND44209BR102020LS3-IND50-00:00:00', 'buy', '14580', '14550', '-37.27', '₹ -223,650.00', '₹ 52,437,261.00', '₹ 52,213,611.00', '0:00:00', '43740', '2022-07-31 05:04:15', '2022-07-31 05:04:15', 'IN55555IND'),
(229, 5, '2021-01-14', 'IN55555IND44210BR102020LS3-IND50-00:00:00', 'buy', '14620', '14580', '-47.29', '₹ -283,740.00', '₹ 52,213,611.00', '₹ 51,929,871.00', '0:00:00', '43860', '2022-07-31 05:04:15', '2022-07-31 05:04:15', 'IN55555IND'),
(230, 5, '2021-01-15', 'IN55555IND44211BR102020LS3-IND50-00:00:00', 'buy', '14540', '14530', '-17.27', '₹ -103,590.00', '₹ 51,929,871.00', '₹ 51,826,281.00', '0:00:00', '43620', '2022-07-31 05:04:15', '2022-07-31 05:04:15', 'IN55555IND'),
(231, 5, '2021-01-15', 'IN55555IND44211BR102020LS3-IND50-00:00:00', 'sell', '14530', '14360', '162.82', '₹ 976,920.00', '₹ 51,826,281.00', '₹ 52,803,201.00', '0:00:00', '43590', '2022-07-31 05:04:15', '2022-07-31 05:04:15', 'IN55555IND'),
(232, 5, '2021-01-18', 'IN55555IND44214BR102020LS3-IND50-00:00:00', 'sell', '14360', '14410', '-57.20', '₹ -343,230.00', '₹ 52,803,201.00', '₹ 52,459,971.00', '0:00:00', '43230', '2022-07-31 05:04:15', '2022-07-31 05:04:15', 'IN55555IND'),
(233, 5, '2021-01-19', 'IN55555IND44215BR102020LS3-IND50-00:00:00', 'buy', '14460', '14690', '222.66', '₹ 1,335,930.00', '₹ 52,459,971.00', '₹ 53,795,901.00', '0:00:00', '44070', '2022-07-31 05:04:15', '2022-07-31 05:04:15', 'IN55555IND'),
(234, 5, '2021-01-21', 'IN55555IND44217BR102020LS3-IND50-00:00:00', 'buy', '14553', '14550', '-10.28', '₹ -61,650.00', '₹ 53,795,901.00', '₹ 53,734,251.00', '0:00:00', '43659', '2022-07-31 05:04:15', '2022-07-31 05:04:15', 'IN55555IND'),
(235, 5, '2021-01-22', 'IN55555IND44218BR102020LS3-IND50-00:00:00', 'sell', '14490', '14430', '52.78', '₹ 316,710.00', '₹ 53,734,251.00', '₹ 54,050,961.00', '0:00:00', '43470', '2022-07-31 05:04:15', '2022-07-31 05:04:15', 'IN55555IND'),
(236, 5, '2021-01-22', 'IN55555IND44218BR102020LS3-IND50-00:00:00', 'buy', '14430', '14390', '-47.20', '₹ -283,170.00', '₹ 54,050,961.00', '₹ 53,767,791.00', '0:00:00', '43290', '2022-07-31 05:04:15', '2022-07-31 05:04:15', 'IN55555IND'),
(237, 5, '2021-01-22', 'IN55555IND44218BR102020LS3-IND50-00:00:00', 'buy', '14415', '14430', '7.79', '₹ 46,710.00', '₹ 53,767,791.00', '₹ 53,814,501.00', '0:00:00', '43290', '2022-07-31 05:04:15', '2022-07-31 05:04:15', 'IN55555IND'),
(238, 5, '2021-01-25', 'IN55555IND44221BR102020LS3-IND50-00:00:00', 'sell', '14445', '14335', '102.83', '₹ 616,995.00', '₹ 53,814,501.00', '₹ 54,431,496.00', '0:00:00', '43335', '2022-07-31 05:04:15', '2022-07-31 05:04:15', 'IN55555IND'),
(239, 5, '2021-01-25', 'IN55555IND44221BR102020LS3-IND50-00:00:00', 'buy', '14335', '14390', '47.80', '₹ 286,830.00', '₹ 54,431,496.00', '₹ 54,718,326.00', '0:00:00', '43170', '2022-07-31 05:04:15', '2022-07-31 05:04:15', 'IN55555IND'),
(240, 5, '2021-01-25', 'IN55555IND44221BR102020LS3-IND50-00:00:00', 'sell', '14390', '14116', '266.94', '₹ 1,601,652.00', '₹ 54,718,326.00', '₹ 56,319,978.00', '0:00:00', '43170', '2022-07-31 05:04:15', '2022-07-31 05:04:15', 'IN55555IND'),
(241, 5, '2021-01-27', 'IN55555IND44223BR102020LS3-IND50-00:00:00', 'buy', '14140', '14110', '-37.05', '₹ -222,330.00', '₹ 56,319,978.00', '₹ 56,097,648.00', '0:00:00', '42420', '2022-07-31 05:04:15', '2022-07-31 05:04:15', 'IN55555IND'),
(242, 5, '2021-01-27', 'IN55555IND44223BR102020LS3-IND50-00:00:00', 'sell', '14100', '13800', '293.10', '₹ 1,758,600.00', '₹ 56,097,648.00', '₹ 57,856,248.00', '0:00:00', '42300', '2022-07-31 05:04:15', '2022-07-31 05:04:15', 'IN55555IND'),
(243, 5, '2021-01-29', 'IN55555IND44225BR102020LS3-IND50-00:00:00', 'buy', '13875', '13865', '-16.93', '₹ -101,595.00', '₹ 57,856,248.00', '₹ 57,754,653.00', '0:00:00', '41625', '2022-07-31 05:04:15', '2022-07-31 05:04:15', 'IN55555IND'),
(244, 5, '2021-01-29', 'IN55555IND44225BR102020LS3-IND50-00:00:00', 'sell', '13845', '13865', '-26.93', '₹ -161,595.00', '₹ 57,754,653.00', '₹ 57,593,058.00', '0:00:00', '41595', '2022-07-31 05:04:15', '2022-07-31 05:04:15', 'IN55555IND'),
(245, 5, '2021-01-29', 'IN55555IND44225BR102020LS3-IND50-00:00:00', 'buy', '13850', '13845', '-11.92', '₹ -71,535.00', '₹ 57,593,058.00', '₹ 57,521,523.00', '0:00:00', '41550', '2022-07-31 05:04:15', '2022-07-31 05:04:15', 'IN55555IND'),
(246, 5, '2021-01-29', 'IN55555IND44225BR102020LS3-IND50-00:00:00', 'sell', '13850', '13800', '43.10', '₹ 258,600.00', '₹ 57,521,523.00', '₹ 57,780,123.00', '0:00:00', '41550', '2022-07-31 05:04:15', '2022-07-31 05:04:15', 'IN55555IND'),
(247, 5, '2021-02-01', 'IN55555IND44228BR102020LS3-IND50-00:00:00', 'buy', '13844', '13830', '-20.91', '₹ -125,490.00', '₹ 57,780,123.00', '₹ 57,654,633.00', '0:00:00', '41532', '2022-07-31 05:04:15', '2022-07-31 05:04:15', 'IN55555IND'),
(248, 5, '2021-02-01', 'IN55555IND44228BR102020LS3-IND50-00:00:00', 'buy', '13870', '14230', '352.88', '₹ 2,117,310.00', '₹ 57,654,633.00', '₹ 59,771,943.00', '0:00:00', '42690', '2022-07-31 05:04:15', '2022-07-31 05:04:15', 'IN55555IND'),
(249, 5, '2021-02-01', 'IN55555IND44228BR102020LS3-IND50-00:00:00', 'sell', '14230', '14265', '-42.13', '₹ -252,795.00', '₹ 59,771,943.00', '₹ 59,519,148.00', '0:00:00', '42795', '2022-07-31 05:04:15', '2022-07-31 05:04:15', 'IN55555IND'),
(250, 5, '2021-02-01', 'IN55555IND44228BR102020LS3-IND50-00:00:00', 'buy', '14310', '14750', '432.62', '₹ 2,595,750.00', '₹ 59,519,148.00', '₹ 62,114,898.00', '0:00:00', '44250', '2022-07-31 05:04:15', '2022-07-31 05:04:15', 'IN55555IND'),
(251, 5, '2021-02-02', 'IN55555IND44229BR102020LS3-IND50-00:00:00', 'buy', '14625', '14595', '-37.30', '₹ -223,785.00', '₹ 62,114,898.00', '₹ 61,891,113.00', '0:00:00', '43875', '2022-07-31 05:04:15', '2022-07-31 05:04:15', 'IN55555IND'),
(252, 5, '2021-02-02', 'IN55555IND44229BR102020LS3-IND50-00:00:00', 'buy', '14640', '14830', '182.59', '₹ 1,095,510.00', '₹ 61,891,113.00', '₹ 62,986,623.00', '0:00:00', '44490', '2022-07-31 05:04:16', '2022-07-31 05:04:16', 'IN55555IND'),
(253, 5, '2021-02-04', 'IN55555IND44231BR102020LS3-IND50-00:00:00', 'sell', '14770', '14790', '-27.39', '₹ -164,370.00', '₹ 62,986,623.00', '₹ 62,822,253.00', '0:00:00', '44370', '2022-07-31 05:04:16', '2022-07-31 05:04:16', 'IN55555IND'),
(254, 5, '2021-02-04', 'IN55555IND44231BR102020LS3-IND50-00:00:00', 'sell', '14820', '14845', '-32.42', '₹ -194,535.00', '₹ 62,822,253.00', '₹ 62,627,718.00', '0:00:00', '44535', '2022-07-31 05:04:16', '2022-07-31 05:04:16', 'IN55555IND'),
(255, 5, '2021-02-04', 'IN55555IND44231BR102020LS3-IND50-00:00:00', 'buy', '14860', '14920', '52.54', '₹ 315,240.00', '₹ 62,627,718.00', '₹ 62,942,958.00', '0:00:00', '44760', '2022-07-31 05:04:16', '2022-07-31 05:04:16', 'IN55555IND'),
(256, 5, '2021-02-08', 'IN55555IND44235BR102020LS3-IND50-00:00:00', 'buy', '15125', '15200', '67.40', '₹ 404,400.00', '₹ 62,942,958.00', '₹ 63,347,358.00', '0:00:00', '45600', '2022-07-31 05:04:16', '2022-07-31 05:04:16', 'IN55555IND'),
(257, 5, '2021-02-09', 'IN55555IND44236BR102020LS3-IND50-00:00:00', 'sell', '15170', '15075', '87.46', '₹ 524,775.00', '₹ 63,347,358.00', '₹ 63,872,133.00', '0:00:00', '45510', '2022-07-31 05:04:16', '2022-07-31 05:04:16', 'IN55555IND'),
(258, 5, '2021-02-10', 'IN55555IND44237BR102020LS3-IND50-00:00:00', 'buy', '15115', '15100', '-22.55', '₹ -135,300.00', '₹ 63,872,133.00', '₹ 63,736,833.00', '0:00:00', '45345', '2022-07-31 05:04:16', '2022-07-31 05:04:16', 'IN55555IND'),
(259, 5, '2021-02-10', 'IN55555IND44237BR102020LS3-IND50-00:00:00', 'sell', '15100', '15015', '77.49', '₹ 464,955.00', '₹ 63,736,833.00', '₹ 64,201,788.00', '0:00:00', '45300', '2022-07-31 05:04:16', '2022-07-31 05:04:16', 'IN55555IND'),
(260, 5, '2021-02-10', 'IN55555IND44237BR102020LS3-IND50-00:00:00', 'buy', '15015', '15060', '37.47', '₹ 224,820.00', '₹ 64,201,788.00', '₹ 64,426,608.00', '0:00:00', '45180', '2022-07-31 05:04:16', '2022-07-31 05:04:16', 'IN55555IND'),
(261, 5, '2021-02-10', 'IN55555IND44237BR102020LS3-IND50-00:00:00', 'sell', '15060', '15040', '12.48', '₹ 74,880.00', '₹ 64,426,608.00', '₹ 64,501,488.00', '0:00:00', '45180', '2022-07-31 05:04:16', '2022-07-31 05:04:16', 'IN55555IND'),
(262, 5, '2021-02-10', 'IN55555IND44237BR102020LS3-IND50-00:00:00', 'buy', '15040', '15150', '102.42', '₹ 614,550.00', '₹ 64,501,488.00', '₹ 65,116,038.00', '0:00:00', '45450', '2022-07-31 05:04:16', '2022-07-31 05:04:16', 'IN55555IND'),
(263, 5, '2021-02-12', 'IN55555IND44239BR102020LS3-IND50-00:00:00', 'buy', '15190', '15165', '-32.58', '₹ -195,495.00', '₹ 65,116,038.00', '₹ 64,920,543.00', '0:00:00', '45570', '2022-07-31 05:04:16', '2022-07-31 05:04:16', 'IN55555IND'),
(264, 5, '2021-02-12', 'IN55555IND44239BR102020LS3-IND50-00:00:00', 'buy', '15140', '15350', '202.32', '₹ 1,213,950.00', '₹ 64,920,543.00', '₹ 66,134,493.00', '0:00:00', '46050', '2022-07-31 05:04:16', '2022-07-31 05:04:16', 'IN55555IND'),
(265, 5, '2021-02-16', 'IN55555IND44243BR102020LS3-IND50-00:00:00', 'buy', '15300', '15280', '-27.64', '₹ -165,840.00', '₹ 66,134,493.00', '₹ 65,968,653.00', '0:00:00', '45900', '2022-07-31 05:04:16', '2022-07-31 05:04:16', 'IN55555IND'),
(266, 5, '2021-02-17', 'IN55555IND44244BR102020LS3-IND50-00:00:00', 'sell', '15250', '15270', '-27.63', '₹ -165,810.00', '₹ 65,968,653.00', '₹ 65,802,843.00', '0:00:00', '45810', '2022-07-31 05:04:16', '2022-07-31 05:04:16', 'IN55555IND'),
(267, 5, '2021-02-17', 'IN55555IND44244BR102020LS3-IND50-00:00:00', 'sell', '15300', '15200', '92.40', '₹ 554,400.00', '₹ 65,802,843.00', '₹ 66,357,243.00', '0:00:00', '45900', '2022-07-31 05:04:16', '2022-07-31 05:04:16', 'IN55555IND'),
(268, 5, '2021-02-17', 'IN55555IND44244BR102020LS3-IND50-00:00:00', 'buy', '15200', '15200', '-7.60', '₹ -45,600.00', '₹ 66,357,243.00', '₹ 66,311,643.00', '0:00:00', '45600', '2022-07-31 05:04:16', '2022-07-31 05:04:16', 'IN55555IND'),
(269, 5, '2021-02-18', 'IN55555IND44245BR102020LS3-IND50-00:00:00', 'sell', '15200', '15065', '127.47', '₹ 764,805.00', '₹ 66,311,643.00', '₹ 67,076,448.00', '0:00:00', '45600', '2022-07-31 05:04:16', '2022-07-31 05:04:16', 'IN55555IND'),
(270, 5, '2021-02-19', 'IN55555IND44246BR102020LS3-IND50-00:00:00', 'sell', '15110', '14762', '340.62', '₹ 2,043,714.00', '₹ 67,076,448.00', '₹ 69,120,162.00', '0:00:00', '45330', '2022-07-31 05:04:16', '2022-07-31 05:04:16', 'IN55555IND'),
(271, 5, '2021-02-23', 'IN55555IND44250BR102020LS3-IND50-00:00:00', 'buy', '14765', '14755', '-17.38', '₹ -104,265.00', '₹ 69,120,162.00', '₹ 69,015,897.00', '0:00:00', '44295', '2022-07-31 05:04:16', '2022-07-31 05:04:16', 'IN55555IND'),
(272, 5, '2021-02-23', 'IN55555IND44250BR102020LS3-IND50-00:00:00', 'sell', '14755', '14765', '-17.38', '₹ -104,295.00', '₹ 69,015,897.00', '₹ 68,911,602.00', '0:00:00', '44295', '2022-07-31 05:04:16', '2022-07-31 05:04:16', 'IN55555IND'),
(273, 5, '2021-02-23', 'IN55555IND44250BR102020LS3-IND50-00:00:00', 'buy', '14765', '14740', '-32.37', '₹ -194,220.00', '₹ 68,911,602.00', '₹ 68,717,382.00', '0:00:00', '44295', '2022-07-31 05:04:16', '2022-07-31 05:04:16', 'IN55555IND'),
(274, 5, '2021-02-23', 'IN55555IND44250BR102020LS3-IND50-00:00:00', 'sell', '14740', '14760', '-27.38', '₹ -164,280.00', '₹ 68,717,382.00', '₹ 68,553,102.00', '0:00:00', '44280', '2022-07-31 05:04:16', '2022-07-31 05:04:16', 'IN55555IND'),
(275, 5, '2021-02-24', 'IN55555IND44251BR102020LS3-IND50-00:00:00', 'buy', '14775', '15115', '332.44', '₹ 1,994,655.00', '₹ 68,553,102.00', '₹ 70,547,757.00', '0:00:00', '45345', '2022-07-31 05:04:16', '2022-07-31 05:04:16', 'IN55555IND'),
(276, 5, '2021-02-25', 'IN55555IND44252BR102020LS3-IND50-00:00:00', 'buy', '15100', '15120', '12.44', '₹ 74,640.00', '₹ 70,547,757.00', '₹ 70,622,397.00', '0:00:00', '45360', '2022-07-31 05:04:16', '2022-07-31 05:04:16', 'IN55555IND'),
(277, 5, '2021-02-25', 'IN55555IND44252BR102020LS3-IND50-00:00:00', 'sell', '15120', '14880', '232.56', '₹ 1,395,360.00', '₹ 70,622,397.00', '₹ 72,017,757.00', '0:00:00', '45360', '2022-07-31 05:04:16', '2022-07-31 05:04:16', 'IN55555IND'),
(278, 5, '2021-02-26', 'IN55555IND44253BR102020LS3-IND50-00:00:00', 'buy', '14880', '14835', '-52.42', '₹ -314,505.00', '₹ 72,017,757.00', '₹ 71,703,252.00', '0:00:00', '44640', '2022-07-31 05:04:16', '2022-07-31 05:04:16', 'IN55555IND'),
(279, 5, '2021-02-26', 'IN55555IND44253BR102020LS3-IND50-00:00:00', 'sell', '14810', '14675', '127.66', '₹ 765,975.00', '₹ 71,703,252.00', '₹ 72,469,227.00', '0:00:00', '44430', '2022-07-31 05:04:16', '2022-07-31 05:04:16', 'IN55555IND'),
(280, 5, '2021-03-01', 'IN55555IND44256BR102020LS3-IND50-00:00:00', 'buy', '14770', '14800', '22.60', '₹ 135,600.00', '₹ 72,469,227.00', '₹ 72,604,827.00', '0:00:00', '44400', '2022-07-31 05:04:16', '2022-07-31 05:04:16', 'IN55555IND'),
(281, 5, '2021-03-01', 'IN55555IND44256BR102020LS3-IND50-00:00:00', 'sell', '14750', '14700', '42.65', '₹ 255,900.00', '₹ 72,604,827.00', '₹ 72,860,727.00', '0:00:00', '44250', '2022-07-31 05:04:16', '2022-07-31 05:04:16', 'IN55555IND'),
(282, 5, '2021-03-01', 'IN55555IND44256BR102020LS3-IND50-00:00:00', 'buy', '14700', '14870', '162.56', '₹ 975,390.00', '₹ 72,860,727.00', '₹ 73,836,117.00', '0:00:00', '44610', '2022-07-31 05:04:16', '2022-07-31 05:04:16', 'IN55555IND'),
(283, 5, '2021-03-02', 'IN55555IND44257BR102020LS3-IND50-00:00:00', 'buy', '14870', '15100', '222.45', '₹ 1,334,700.00', '₹ 73,836,117.00', '₹ 75,170,817.00', '0:00:00', '45300', '2022-07-31 05:04:16', '2022-07-31 05:04:16', 'IN55555IND'),
(284, 5, '2021-03-04', 'IN55555IND44259BR102020LS3-IND50-00:00:00', 'sell', '15050', '15100', '-57.55', '₹ -345,300.00', '₹ 75,170,817.00', '₹ 74,825,517.00', '0:00:00', '45300', '2022-07-31 05:04:16', '2022-07-31 05:04:16', 'IN55555IND'),
(285, 5, '2021-03-04', 'IN55555IND44259BR102020LS3-IND50-00:00:00', 'buy', '15165', '15200', '27.40', '₹ 164,400.00', '₹ 74,825,517.00', '₹ 74,989,917.00', '0:00:00', '45600', '2022-07-31 05:04:16', '2022-07-31 05:04:16', 'IN55555IND'),
(286, 5, '2021-03-04', 'IN55555IND44259BR102020LS3-IND50-00:00:00', 'sell', '15200', '14955', '237.52', '₹ 1,425,135.00', '₹ 74,989,917.00', '₹ 76,415,052.00', '0:00:00', '45600', '2022-07-31 05:04:16', '2022-07-31 05:04:16', 'IN55555IND'),
(287, 5, '2021-03-05', 'IN55555IND44260BR102020LS3-IND50-00:00:00', 'buy', '14955', '15050', '87.47', '₹ 524,850.00', '₹ 76,415,052.00', '₹ 76,939,902.00', '0:00:00', '45150', '2022-07-31 05:04:16', '2022-07-31 05:04:16', 'IN55555IND'),
(288, 5, '2021-03-05', 'IN55555IND44260BR102020LS3-IND50-00:00:00', 'sell', '15020', '14960', '52.52', '₹ 315,120.00', '₹ 76,939,902.00', '₹ 77,255,022.00', '0:00:00', '45060', '2022-07-31 05:04:16', '2022-07-31 05:04:16', 'IN55555IND'),
(289, 5, '2021-03-08', 'IN55555IND44263BR102020LS3-IND50-00:00:00', 'buy', '15040', '15060', '12.47', '₹ 74,820.00', '₹ 77,255,022.00', '₹ 77,329,842.00', '0:00:00', '45180', '2022-07-31 05:04:16', '2022-07-31 05:04:16', 'IN55555IND'),
(290, 5, '2021-03-08', 'IN55555IND44263BR102020LS3-IND50-00:00:00', 'sell', '15060', '15015', '37.49', '₹ 224,955.00', '₹ 77,329,842.00', '₹ 77,554,797.00', '0:00:00', '45180', '2022-07-31 05:04:16', '2022-07-31 05:04:16', 'IN55555IND'),
(291, 5, '2021-03-08', 'IN55555IND44263BR102020LS3-IND50-00:00:00', 'buy', '15015', '15000', '-22.50', '₹ -135,000.00', '₹ 77,554,797.00', '₹ 77,419,797.00', '0:00:00', '45045', '2022-07-31 05:04:16', '2022-07-31 05:04:16', 'IN55555IND'),
(292, 5, '2021-03-08', 'IN55555IND44263BR102020LS3-IND50-00:00:00', 'sell', '15000', '15010', '-17.50', '₹ -105,030.00', '₹ 77,419,797.00', '₹ 77,314,767.00', '0:00:00', '45030', '2022-07-31 05:04:16', '2022-07-31 05:04:16', 'IN55555IND'),
(293, 5, '2021-03-09', 'IN55555IND44264BR102020LS3-IND50-00:00:00', 'sell', '15100', '15115', '-22.56', '₹ -135,345.00', '₹ 77,314,767.00', '₹ 77,179,422.00', '0:00:00', '45345', '2022-07-31 05:04:16', '2022-07-31 05:04:16', 'IN55555IND'),
(294, 5, '2021-03-09', 'IN55555IND44264BR102020LS3-IND50-00:00:00', 'buy', '15115', '15070', '-52.53', '₹ -315,210.00', '₹ 77,179,422.00', '₹ 76,864,212.00', '0:00:00', '45345', '2022-07-31 05:04:16', '2022-07-31 05:04:16', 'IN55555IND'),
(295, 5, '2021-03-09', 'IN55555IND44264BR102020LS3-IND50-00:00:00', 'sell', '15020', '15010', '2.50', '₹ 14,970.00', '₹ 76,864,212.00', '₹ 76,879,182.00', '0:00:00', '45060', '2022-07-31 05:04:16', '2022-07-31 05:04:16', 'IN55555IND'),
(296, 5, '2021-03-09', 'IN55555IND44264BR102020LS3-IND50-00:00:00', 'buy', '15010', '15200', '182.40', '₹ 1,094,400.00', '₹ 76,879,182.00', '₹ 77,973,582.00', '0:00:00', '45600', '2022-07-31 05:04:16', '2022-07-31 05:04:16', 'IN55555IND'),
(297, 5, '2021-03-10', 'IN55555IND44265BR102020LS3-IND50-00:00:00', 'buy', '15175', '15300', '117.35', '₹ 704,100.00', '₹ 77,973,582.00', '₹ 78,677,682.00', '0:00:00', '45900', '2022-07-31 05:04:16', '2022-07-31 05:04:16', 'IN55555IND'),
(298, 5, '2021-03-10', 'IN55555IND44265BR102020LS3-IND50-00:00:00', 'sell', '15244', '15045', '191.48', '₹ 1,148,865.00', '₹ 78,677,682.00', '₹ 79,826,547.00', '0:00:00', '45732', '2022-07-31 05:04:16', '2022-07-31 05:04:16', 'IN55555IND'),
(299, 5, '2021-03-10', 'IN55555IND44265BR102020LS3-IND50-00:00:00', 'buy', '15035', '15130', '87.44', '₹ 524,610.00', '₹ 79,826,547.00', '₹ 80,351,157.00', '0:00:00', '45390', '2022-07-31 05:04:16', '2022-07-31 05:04:16', 'IN55555IND'),
(300, 5, '2021-03-12', 'IN55555IND44267BR102020LS3-IND50-00:00:00', 'sell', '15130', '15010', '112.50', '₹ 674,970.00', '₹ 80,351,157.00', '₹ 81,026,127.00', '0:00:00', '45390', '2022-07-31 05:04:16', '2022-07-31 05:04:16', 'IN55555IND'),
(301, 5, '2021-03-12', 'IN55555IND44267BR102020LS3-IND50-00:00:00', 'buy', '14965', '15015', '42.49', '₹ 254,955.00', '₹ 81,026,127.00', '₹ 81,281,082.00', '0:00:00', '45045', '2022-07-31 05:04:16', '2022-07-31 05:04:16', 'IN55555IND'),
(302, 5, '2021-03-15', 'IN55555IND44270BR102020LS3-IND50-00:00:00', 'sell', '15015', '14800', '207.60', '₹ 1,245,600.00', '₹ 81,281,082.00', '₹ 82,526,682.00', '0:00:00', '45045', '2022-07-31 05:04:16', '2022-07-31 05:04:16', 'IN55555IND'),
(303, 5, '2021-03-16', 'IN55555IND44271BR102020LS3-IND50-00:00:00', 'sell', '15040', '14940', '92.53', '₹ 555,180.00', '₹ 82,526,682.00', '₹ 83,081,862.00', '0:00:00', '45120', '2022-07-31 05:04:16', '2022-07-31 05:04:16', 'IN55555IND'),
(304, 5, '2021-03-16', 'IN55555IND44271BR102020LS3-IND50-00:00:00', 'buy', '14940', '14950', '2.52', '₹ 15,150.00', '₹ 83,081,862.00', '₹ 83,097,012.00', '0:00:00', '44850', '2022-07-31 05:04:16', '2022-07-31 05:04:16', 'IN55555IND'),
(305, 5, '2021-03-17', 'IN55555IND44272BR102020LS3-IND50-00:00:00', 'buy', '14911', '14900', '-18.45', '₹ -110,700.00', '₹ 83,097,012.00', '₹ 82,986,312.00', '0:00:00', '44733', '2022-07-31 05:04:16', '2022-07-31 05:04:16', 'IN55555IND'),
(306, 5, '2021-03-17', 'IN55555IND44272BR102020LS3-IND50-00:00:00', 'buy', '14930', '14980', '42.51', '₹ 255,060.00', '₹ 82,986,312.00', '₹ 83,241,372.00', '0:00:00', '44940', '2022-07-31 05:04:16', '2022-07-31 05:04:16', 'IN55555IND'),
(307, 5, '2021-03-17', 'IN55555IND44272BR102020LS3-IND50-00:00:00', 'sell', '14930', '14850', '72.58', '₹ 435,450.00', '₹ 83,241,372.00', '₹ 83,676,822.00', '0:00:00', '44790', '2022-07-31 05:04:16', '2022-07-31 05:04:16', 'IN55555IND'),
(308, 5, '2021-03-18', 'IN55555IND44273BR102020LS3-IND50-00:00:00', 'sell', '14870', '14830', '32.59', '₹ 195,510.00', '₹ 83,676,822.00', '₹ 83,872,332.00', '0:00:00', '44610', '2022-07-31 05:04:16', '2022-07-31 05:04:16', 'IN55555IND'),
(309, 5, '2021-03-18', 'IN55555IND44273BR102020LS3-IND50-00:00:00', 'sell', '14840', '14610', '222.69', '₹ 1,336,170.00', '₹ 83,872,332.00', '₹ 85,208,502.00', '0:00:00', '44520', '2022-07-31 05:04:16', '2022-07-31 05:04:16', 'IN55555IND'),
(310, 5, '2021-03-19', 'IN55555IND44274BR102020LS3-IND50-00:00:00', 'buy', '14545', '14520', '-32.26', '₹ -193,560.00', '₹ 85,208,502.00', '₹ 85,014,942.00', '0:00:00', '43635', '2022-07-31 05:04:16', '2022-07-31 05:04:16', 'IN55555IND'),
(311, 5, '2021-03-19', 'IN55555IND44274BR102020LS3-IND50-00:00:00', 'buy', '14615', '14700', '77.65', '₹ 465,900.00', '₹ 85,014,942.00', '₹ 85,480,842.00', '0:00:00', '44100', '2022-07-31 05:04:16', '2022-07-31 05:04:16', 'IN55555IND'),
(312, 5, '2021-03-22', 'IN55555IND44277BR102020LS3-IND50-00:00:00', 'buy', '14670', '14645', '-32.32', '₹ -193,935.00', '₹ 85,480,842.00', '₹ 85,286,907.00', '0:00:00', '44010', '2022-07-31 05:04:16', '2022-07-31 05:04:16', 'IN55555IND'),
(313, 5, '2021-03-22', 'IN55555IND44277BR102020LS3-IND50-00:00:00', 'sell', '14645', '14680', '-42.34', '₹ -254,040.00', '₹ 85,286,907.00', '₹ 85,032,867.00', '0:00:00', '44040', '2022-07-31 05:04:16', '2022-07-31 05:04:16', 'IN55555IND'),
(314, 5, '2021-03-23', 'IN55555IND44278BR102020LS3-IND50-00:00:00', 'sell', '14830', '14755', '67.62', '₹ 405,735.00', '₹ 85,032,867.00', '₹ 85,438,602.00', '0:00:00', '44490', '2022-07-31 05:04:16', '2022-07-31 05:04:16', 'IN55555IND'),
(315, 5, '2021-03-23', 'IN55555IND44278BR102020LS3-IND50-00:00:00', 'buy', '14755', '14750', '-12.38', '₹ -74,250.00', '₹ 85,438,602.00', '₹ 85,364,352.00', '0:00:00', '44265', '2022-07-31 05:04:16', '2022-07-31 05:04:16', 'IN55555IND'),
(316, 5, '2021-03-24', 'IN55555IND44279BR102020LS3-IND50-00:00:00', 'sell', '14750', '14620', '122.69', '₹ 736,140.00', '₹ 85,364,352.00', '₹ 86,100,492.00', '0:00:00', '44250', '2022-07-31 05:04:16', '2022-07-31 05:04:16', 'IN55555IND'),
(317, 5, '2021-03-24', 'IN55555IND44279BR102020LS3-IND50-00:00:00', 'sell', '14635', '14640', '-12.32', '₹ -73,920.00', '₹ 86,100,492.00', '₹ 86,026,572.00', '0:00:00', '43920', '2022-07-31 05:04:16', '2022-07-31 05:04:16', 'IN55555IND'),
(318, 5, '2021-03-24', 'IN55555IND44279BR102020LS3-IND50-00:00:00', 'sell', '14640', '14290', '342.86', '₹ 2,057,130.00', '₹ 86,026,572.00', '₹ 88,083,702.00', '0:00:00', '43920', '2022-07-31 05:04:16', '2022-07-31 05:04:16', 'IN55555IND'),
(319, 5, '2021-03-25', 'IN55555IND44280BR102020LS3-IND50-00:00:00', 'sell', '14400', '14320', '72.84', '₹ 437,040.00', '₹ 88,083,702.00', '₹ 88,520,742.00', '0:00:00', '43200', '2022-07-31 05:04:16', '2022-07-31 05:04:16', 'IN55555IND'),
(320, 5, '2021-03-26', 'IN55555IND44281BR102020LS3-IND50-00:00:00', 'buy', '14550', '14630', '72.69', '₹ 436,110.00', '₹ 88,520,742.00', '₹ 88,956,852.00', '0:00:00', '43890', '2022-07-31 05:04:16', '2022-07-31 05:04:16', 'IN55555IND'),
(321, 5, '2021-03-31', 'IN55555IND44286BR102020LS3-IND50-00:00:00', 'buy', '14745', '14775', '22.61', '₹ 135,675.00', '₹ 88,956,852.00', '₹ 89,092,527.00', '0:00:00', '44325', '2022-07-31 05:04:16', '2022-07-31 05:04:16', 'IN55555IND'),
(322, 5, '2021-03-31', 'IN55555IND44286BR102020LS3-IND50-00:00:00', 'buy', '14760', '14840', '72.58', '₹ 435,480.00', '₹ 89,092,527.00', '₹ 89,528,007.00', '0:00:00', '44520', '2022-07-31 05:04:16', '2022-07-31 05:04:16', 'IN55555IND'),
(323, 5, '2021-04-01', 'IN55555IND44287BR102020LS3-IND50-00:00:00', 'sell', '14840', '14795', '37.60', '₹ 225,615.00', '₹ 89,528,007.00', '₹ 89,753,622.00', '0:00:00', '44520', '2022-07-31 05:04:16', '2022-07-31 05:04:16', 'IN55555IND'),
(324, 5, '2021-04-01', 'IN55555IND44287BR102020LS3-IND50-00:00:00', 'buy', '14795', '14830', '27.59', '₹ 165,510.00', '₹ 89,753,622.00', '₹ 89,919,132.00', '0:00:00', '44490', '2022-07-31 05:04:16', '2022-07-31 05:04:16', 'IN55555IND'),
(325, 5, '2021-04-05', 'IN55555IND44291BR102020LS3-IND50-00:00:00', 'sell', '14830', '14532', '290.73', '₹ 1,744,404.00', '₹ 89,919,132.00', '₹ 91,663,536.00', '0:00:00', '44490', '2022-07-31 05:04:16', '2022-07-31 05:04:16', 'IN55555IND'),
(326, 5, '2021-04-05', 'IN55555IND44291BR102020LS3-IND50-00:00:00', 'sell', '14545', '14550', '-12.28', '₹ -73,650.00', '₹ 91,663,536.00', '₹ 91,589,886.00', '0:00:00', '43650', '2022-07-31 05:04:16', '2022-07-31 05:04:16', 'IN55555IND'),
(327, 5, '2021-04-05', 'IN55555IND44291BR102020LS3-IND50-00:00:00', 'buy', '14545', '14780', '227.61', '₹ 1,365,660.00', '₹ 91,589,886.00', '₹ 92,955,546.00', '0:00:00', '44340', '2022-07-31 05:04:16', '2022-07-31 05:04:16', 'IN55555IND'),
(328, 5, '2021-04-06', 'IN55555IND44292BR102020LS3-IND50-00:00:00', 'buy', '14720', '14890', '162.56', '₹ 975,330.00', '₹ 92,955,546.00', '₹ 93,930,876.00', '0:00:00', '44670', '2022-07-31 05:04:16', '2022-07-31 05:04:16', 'IN55555IND'),
(329, 5, '2021-04-09', 'IN55555IND44295BR102020LS3-IND50-00:00:00', 'sell', '14915', '14360', '547.82', '₹ 3,286,920.00', '₹ 93,930,876.00', '₹ 97,217,796.00', '0:00:00', '44745', '2022-07-31 05:04:16', '2022-07-31 05:04:16', 'IN55555IND'),
(330, 5, '2021-04-13', 'IN55555IND44299BR102020LS3-IND50-00:00:00', 'buy', '14380', '14475', '87.76', '₹ 526,575.00', '₹ 97,217,796.00', '₹ 97,744,371.00', '0:00:00', '43425', '2022-07-31 05:04:16', '2022-07-31 05:04:16', 'IN55555IND'),
(331, 5, '2021-04-15', 'IN55555IND44301BR102020LS3-IND50-00:00:00', 'buy', '14420', '14650', '222.68', '₹ 1,336,050.00', '₹ 97,744,371.00', '₹ 99,080,421.00', '0:00:00', '43950', '2022-07-31 05:04:16', '2022-07-31 05:04:16', 'IN55555IND'),
(332, 5, '2021-04-19', 'IN55555IND44305BR102020LS3-IND50-00:00:00', 'sell', '14360', '14370', '-17.19', '₹ -103,110.00', '₹ 99,080,421.00', '₹ 98,977,311.00', '0:00:00', '43110', '2022-07-31 05:04:16', '2022-07-31 05:04:16', 'IN55555IND'),
(333, 5, '2021-04-20', 'IN55555IND44306BR102020LS3-IND50-00:00:00', 'sell', '14500', '14385', '107.81', '₹ 646,845.00', '₹ 98,977,311.00', '₹ 99,624,156.00', '0:00:00', '43500', '2022-07-31 05:04:16', '2022-07-31 05:04:16', 'IN55555IND'),
(334, 5, '2021-04-20', 'IN55555IND44306BR102020LS3-IND50-00:00:00', 'buy', '14385', '14375', '-17.19', '₹ -103,125.00', '₹ 99,624,156.00', '₹ 99,521,031.00', '0:00:00', '43155', '2022-07-31 05:04:16', '2022-07-31 05:04:16', 'IN55555IND'),
(335, 5, '2021-04-20', 'IN55555IND44306BR102020LS3-IND50-00:00:00', 'sell', '14375', '14295', '72.85', '₹ 437,115.00', '₹ 99,521,031.00', '₹ 99,958,146.00', '0:00:00', '43125', '2022-07-31 05:04:16', '2022-07-31 05:04:16', 'IN55555IND'),
(336, 5, '2021-04-22', 'IN55555IND44308BR102020LS3-IND50-00:00:00', 'buy', '14340', '14400', '52.80', '₹ 316,800.00', '₹ 99,958,146.00', '₹ 100,274,946.00', '0:00:00', '43200', '2022-07-31 05:04:16', '2022-07-31 05:04:16', 'IN55555IND'),
(337, 5, '2021-04-22', 'IN55555IND44308BR102020LS3-IND50-00:00:00', 'sell', '14400', '14400', '-7.20', '₹ -43,200.00', '₹ 100,274,946.00', '₹ 100,231,746.00', '0:00:00', '43200', '2022-07-31 05:04:16', '2022-07-31 05:04:16', 'IN55555IND'),
(338, 5, '2021-04-23', 'IN55555IND44309BR102020LS3-IND50-00:00:00', 'buy', '14400', '14380', '-27.19', '₹ -163,140.00', '₹ 100,231,746.00', '₹ 100,068,606.00', '0:00:00', '43200', '2022-07-31 05:04:16', '2022-07-31 05:04:16', 'IN55555IND'),
(339, 5, '2021-04-23', 'IN55555IND44309BR102020LS3-IND50-00:00:00', 'sell', '14360', '14330', '22.84', '₹ 137,010.00', '₹ 100,068,606.00', '₹ 100,205,616.00', '0:00:00', '43080', '2022-07-31 05:04:16', '2022-07-31 05:04:16', 'IN55555IND'),
(340, 5, '2021-04-23', 'IN55555IND44309BR102020LS3-IND50-00:00:00', 'buy', '14330', '14500', '162.75', '₹ 976,500.00', '₹ 100,205,616.00', '₹ 101,182,116.00', '0:00:00', '43500', '2022-07-31 05:04:16', '2022-07-31 05:04:16', 'IN55555IND'),
(341, 5, '2021-04-27', 'IN55555IND44313BR102020LS3-IND50-00:00:00', 'buy', '14540', '14900', '352.55', '₹ 2,115,300.00', '₹ 101,182,116.00', '₹ 103,297,416.00', '0:00:00', '44700', '2022-07-31 05:04:16', '2022-07-31 05:04:16', 'IN55555IND'),
(342, 5, '2021-04-29', 'IN55555IND44315BR102020LS3-IND50-00:00:00', 'buy', '14855', '14900', '37.55', '₹ 225,300.00', '₹ 103,297,416.00', '₹ 103,522,716.00', '0:00:00', '44700', '2022-07-31 05:04:16', '2022-07-31 05:04:16', 'IN55555IND'),
(343, 5, '2021-04-29', 'IN55555IND44315BR102020LS3-IND50-00:00:00', 'sell', '14900', '14835', '57.58', '₹ 345,495.00', '₹ 103,522,716.00', '₹ 103,868,211.00', '0:00:00', '44700', '2022-07-31 05:04:16', '2022-07-31 05:04:16', 'IN55555IND'),
(344, 5, '2021-04-30', 'IN55555IND44316BR102020LS3-IND50-00:00:00', 'buy', '14835', '14855', '12.57', '₹ 75,435.00', '₹ 103,868,211.00', '₹ 103,943,646.00', '0:00:00', '44565', '2022-07-31 05:04:16', '2022-07-31 05:04:16', 'IN55555IND'),
(345, 5, '2021-04-30', 'IN55555IND44316BR102020LS3-IND50-00:00:00', 'sell', '14855', '14570', '277.71', '₹ 1,666,290.00', '₹ 103,943,646.00', '₹ 105,609,936.00', '0:00:00', '44565', '2022-07-31 05:04:16', '2022-07-31 05:04:16', 'IN55555IND'),
(346, 5, '2021-05-03', 'IN55555IND44319BR102020LS3-IND50-00:00:00', 'buy', '14570', '14600', '22.70', '₹ 136,200.00', '₹ 105,609,936.00', '₹ 105,746,136.00', '0:00:00', '43800', '2022-07-31 05:04:16', '2022-07-31 05:04:16', 'IN55555IND'),
(347, 5, '2021-05-03', 'IN55555IND44319BR102020LS3-IND50-00:00:00', 'sell', '14600', '14640', '-47.32', '₹ -283,920.00', '₹ 105,746,136.00', '₹ 105,462,216.00', '0:00:00', '43920', '2022-07-31 05:04:16', '2022-07-31 05:04:16', 'IN55555IND'),
(348, 5, '2021-05-03', 'IN55555IND44319BR102020LS3-IND50-00:00:00', 'buy', '14640', '14700', '52.65', '₹ 315,900.00', '₹ 105,462,216.00', '₹ 105,778,116.00', '0:00:00', '44100', '2022-07-31 05:04:16', '2022-07-31 05:04:16', 'IN55555IND'),
(349, 5, '2021-05-04', 'IN55555IND44320BR102020LS3-IND50-00:00:00', 'buy', '14655', '14650', '-12.32', '₹ -73,950.00', '₹ 105,778,116.00', '₹ 105,704,166.00', '0:00:00', '43965', '2022-07-31 05:04:16', '2022-07-31 05:04:16', 'IN55555IND'),
(350, 5, '2021-05-04', 'IN55555IND44320BR102020LS3-IND50-00:00:00', 'sell', '14650', '14650', '-7.33', '₹ -43,950.00', '₹ 105,704,166.00', '₹ 105,660,216.00', '0:00:00', '43950', '2022-07-31 05:04:16', '2022-07-31 05:04:16', 'IN55555IND'),
(351, 5, '2021-05-05', 'IN55555IND44321BR102020LS3-IND50-00:00:00', 'buy', '14640', '14900', '252.55', '₹ 1,515,300.00', '₹ 105,660,216.00', '₹ 107,175,516.00', '0:00:00', '44700', '2022-07-31 05:04:16', '2022-07-31 05:04:16', 'IN55555IND'),
(352, 5, '2021-05-11', 'IN55555IND44327BR102020LS3-IND50-00:00:00', 'sell', '14890', '14875', '7.56', '₹ 45,375.00', '₹ 107,175,516.00', '₹ 107,220,891.00', '0:00:00', '44670', '2022-07-31 05:04:16', '2022-07-31 05:04:16', 'IN55555IND'),
(353, 5, '2021-05-12', 'IN55555IND44328BR102020LS3-IND50-00:00:00', 'sell', '14730', '14790', '-67.39', '₹ -404,370.00', '₹ 107,220,891.00', '₹ 106,816,521.00', '0:00:00', '44370', '2022-07-31 05:04:16', '2022-07-31 05:04:16', 'IN55555IND'),
(354, 5, '2021-05-12', 'IN55555IND44328BR102020LS3-IND50-00:00:00', 'buy', '14790', '14760', '-37.38', '₹ -224,280.00', '₹ 106,816,521.00', '₹ 106,592,241.00', '0:00:00', '44370', '2022-07-31 05:04:16', '2022-07-31 05:04:16', 'IN55555IND'),
(355, 5, '2021-05-12', 'IN55555IND44328BR102020LS3-IND50-00:00:00', 'sell', '14740', '14690', '42.66', '₹ 255,930.00', '₹ 106,592,241.00', '₹ 106,848,171.00', '0:00:00', '44220', '2022-07-31 05:04:16', '2022-07-31 05:04:16', 'IN55555IND'),
(356, 5, '2021-05-14', 'IN55555IND44330BR102020LS3-IND50-00:00:00', 'sell', '14685', '14700', '-22.35', '₹ -134,100.00', '₹ 106,848,171.00', '₹ 106,714,071.00', '0:00:00', '44100', '2022-07-31 05:04:16', '2022-07-31 05:04:16', 'IN55555IND'),
(357, 5, '2021-05-14', 'IN55555IND44330BR102020LS3-IND50-00:00:00', 'buy', '14725', '15100', '367.45', '₹ 2,204,700.00', '₹ 106,714,071.00', '₹ 108,918,771.00', '0:00:00', '45300', '2022-07-31 05:04:16', '2022-07-31 05:04:16', 'IN55555IND'),
(358, 5, '2021-05-19', 'IN55555IND44335BR102020LS3-IND50-00:00:00', 'sell', '15100', '15085', '7.46', '₹ 44,745.00', '₹ 108,918,771.00', '₹ 108,963,516.00', '0:00:00', '45300', '2022-07-31 05:04:16', '2022-07-31 05:04:16', 'IN55555IND'),
(359, 5, '2021-05-19', 'IN55555IND44335BR102020LS3-IND50-00:00:00', 'sell', '15060', '15020', '32.49', '₹ 194,940.00', '₹ 108,963,516.00', '₹ 109,158,456.00', '0:00:00', '45180', '2022-07-31 05:04:16', '2022-07-31 05:04:16', 'IN55555IND'),
(360, 5, '2021-05-21', 'IN55555IND44337BR102020LS3-IND50-00:00:00', 'buy', '15020', '15300', '272.35', '₹ 1,634,100.00', '₹ 109,158,456.00', '₹ 110,792,556.00', '0:00:00', '45900', '2022-07-31 05:04:16', '2022-07-31 05:04:16', 'IN55555IND'),
(361, 5, '2021-05-26', 'IN55555IND44342BR102020LS3-IND50-00:00:00', 'buy', '15270', '15600', '322.20', '₹ 1,933,200.00', '₹ 110,792,556.00', '₹ 112,725,756.00', '0:00:00', '46800', '2022-07-31 05:04:16', '2022-07-31 05:04:16', 'IN55555IND'),
(362, 5, '2021-06-01', 'IN55555IND44348BR102020LS3-IND50-00:00:00', 'buy', '15580', '15600', '12.20', '₹ 73,200.00', '₹ 112,725,756.00', '₹ 112,798,956.00', '0:00:00', '46800', '2022-07-31 05:04:16', '2022-07-31 05:04:16', 'IN55555IND'),
(363, 5, '2021-06-02', 'IN55555IND44349BR102020LS3-IND50-00:00:00', 'sell', '15535', '15560', '-32.78', '₹ -196,680.00', '₹ 112,798,956.00', '₹ 112,602,276.00', '0:00:00', '46680', '2022-07-31 05:04:16', '2022-07-31 05:04:16', 'IN55555IND'),
(364, 5, '2021-06-02', 'IN55555IND44349BR102020LS3-IND50-00:00:00', 'buy', '15595', '15680', '77.16', '₹ 462,960.00', '₹ 112,602,276.00', '₹ 113,065,236.00', '0:00:00', '47040', '2022-07-31 05:04:16', '2022-07-31 05:04:16', 'IN55555IND'),
(365, 5, '2021-06-03', 'IN55555IND44350BR102020LS3-IND50-00:00:00', 'buy', '15685', '15715', '22.14', '₹ 132,855.00', '₹ 113,065,236.00', '₹ 113,198,091.00', '0:00:00', '47145', '2022-07-31 05:04:16', '2022-07-31 05:04:16', 'IN55555IND'),
(366, 5, '2021-06-04', 'IN55555IND44351BR102020LS3-IND50-00:00:00', 'buy', '15685', '15685', '-7.84', '₹ -47,055.00', '₹ 113,198,091.00', '₹ 113,151,036.00', '0:00:00', '47055', '2022-07-31 05:04:16', '2022-07-31 05:04:16', 'IN55555IND'),
(367, 5, '2021-06-04', 'IN55555IND44351BR102020LS3-IND50-00:00:00', 'sell', '15685', '15680', '-2.84', '₹ -17,040.00', '₹ 113,151,036.00', '₹ 113,133,996.00', '0:00:00', '47055', '2022-07-31 05:04:16', '2022-07-31 05:04:16', 'IN55555IND'),
(368, 5, '2021-06-04', 'IN55555IND44351BR102020LS3-IND50-00:00:00', 'buy', '15680', '15780', '92.11', '₹ 552,660.00', '₹ 113,133,996.00', '₹ 113,686,656.00', '0:00:00', '47340', '2022-07-31 05:04:16', '2022-07-31 05:04:16', 'IN55555IND'),
(369, 5, '2021-06-08', 'IN55555IND44355BR102020LS3-IND50-00:00:00', 'sell', '15740', '15715', '17.14', '₹ 102,855.00', '₹ 113,686,656.00', '₹ 113,789,511.00', '0:00:00', '47220', '2022-07-31 05:04:16', '2022-07-31 05:04:16', 'IN55555IND'),
(370, 5, '2021-06-08', 'IN55555IND44355BR102020LS3-IND50-00:00:00', 'buy', '15715', '15750', '27.12', '₹ 162,750.00', '₹ 113,789,511.00', '₹ 113,952,261.00', '0:00:00', '47250', '2022-07-31 05:04:16', '2022-07-31 05:04:16', 'IN55555IND'),
(371, 5, '2021-06-08', 'IN55555IND44355BR102020LS3-IND50-00:00:00', 'sell', '15750', '15760', '-17.88', '₹ -107,280.00', '₹ 113,952,261.00', '₹ 113,844,981.00', '0:00:00', '47280', '2022-07-31 05:04:16', '2022-07-31 05:04:16', 'IN55555IND'),
(372, 5, '2021-06-08', 'IN55555IND44355BR102020LS3-IND50-00:00:00', 'buy', '15760', '15740', '-27.87', '₹ -167,220.00', '₹ 113,844,981.00', '₹ 113,677,761.00', '0:00:00', '47280', '2022-07-31 05:04:16', '2022-07-31 05:04:16', 'IN55555IND'),
(373, 5, '2021-06-09', 'IN55555IND44356BR102020LS3-IND50-00:00:00', 'buy', '15765', '15795', '22.10', '₹ 132,615.00', '₹ 113,677,761.00', '₹ 113,810,376.00', '0:00:00', '47385', '2022-07-31 05:04:16', '2022-07-31 05:04:16', 'IN55555IND'),
(374, 5, '2021-06-09', 'IN55555IND44356BR102020LS3-IND50-00:00:00', 'sell', '15700', '15625', '67.19', '₹ 403,125.00', '₹ 113,810,376.00', '₹ 114,213,501.00', '0:00:00', '47100', '2022-07-31 05:04:16', '2022-07-31 05:04:16', 'IN55555IND'),
(375, 5, '2021-06-09', 'IN55555IND44356BR102020LS3-IND50-00:00:00', 'buy', '15625', '15700', '67.15', '₹ 402,900.00', '₹ 114,213,501.00', '₹ 114,616,401.00', '0:00:00', '47100', '2022-07-31 05:04:16', '2022-07-31 05:04:16', 'IN55555IND'),
(376, 5, '2021-06-10', 'IN55555IND44357BR102020LS3-IND50-00:00:00', 'buy', '15702', '15745', '35.13', '₹ 210,765.00', '₹ 114,616,401.00', '₹ 114,827,166.00', '0:00:00', '47235', '2022-07-31 05:04:16', '2022-07-31 05:04:16', 'IN55555IND'),
(377, 5, '2021-06-10', 'IN55555IND44357BR102020LS3-IND50-00:00:00', 'sell', '15745', '15755', '-17.88', '₹ -107,265.00', '₹ 114,827,166.00', '₹ 114,719,901.00', '0:00:00', '47265', '2022-07-31 05:04:16', '2022-07-31 05:04:16', 'IN55555IND'),
(378, 5, '2021-06-10', 'IN55555IND44357BR102020LS3-IND50-00:00:00', 'buy', '15755', '15825', '62.09', '₹ 372,525.00', '₹ 114,719,901.00', '₹ 115,092,426.00', '0:00:00', '47475', '2022-07-31 05:04:16', '2022-07-31 05:04:16', 'IN55555IND'),
(379, 5, '2021-06-11', 'IN55555IND44358BR102020LS3-IND50-00:00:00', 'buy', '15770', '15750', '-27.88', '₹ -167,250.00', '₹ 115,092,426.00', '₹ 114,925,176.00', '0:00:00', '47310', '2022-07-31 05:04:16', '2022-07-31 05:04:16', 'IN55555IND'),
(380, 5, '2021-06-14', 'IN55555IND44361BR102020LS3-IND50-00:00:00', 'sell', '15750', '15650', '92.17', '₹ 553,050.00', '₹ 114,925,176.00', '₹ 115,478,226.00', '0:00:00', '47250', '2022-07-31 05:04:16', '2022-07-31 05:04:16', 'IN55555IND'),
(381, 5, '2021-06-14', 'IN55555IND44361BR102020LS3-IND50-00:00:00', 'sell', '15685', '15700', '-22.85', '₹ -137,100.00', '₹ 115,478,226.00', '₹ 115,341,126.00', '0:00:00', '47100', '2022-07-31 05:04:16', '2022-07-31 05:04:16', 'IN55555IND'),
(382, 5, '2021-06-14', 'IN55555IND44361BR102020LS3-IND50-00:00:00', 'buy', '15680', '15875', '187.06', '₹ 1,122,375.00', '₹ 115,341,126.00', '₹ 116,463,501.00', '0:00:00', '47625', '2022-07-31 05:04:16', '2022-07-31 05:04:16', 'IN55555IND'),
(383, 5, '2021-06-16', 'IN55555IND44363BR102020LS3-IND50-00:00:00', 'buy', '15865', '15865', '-7.93', '₹ -47,595.00', '₹ 116,463,501.00', '₹ 116,415,906.00', '0:00:00', '47595', '2022-07-31 05:04:16', '2022-07-31 05:04:16', 'IN55555IND'),
(384, 5, '2021-06-16', 'IN55555IND44363BR102020LS3-IND50-00:00:00', 'sell', '15865', '15815', '42.09', '₹ 252,555.00', '₹ 116,415,906.00', '₹ 116,668,461.00', '0:00:00', '47595', '2022-07-31 05:04:16', '2022-07-31 05:04:16', 'IN55555IND'),
(385, 5, '2021-06-16', 'IN55555IND44363BR102020LS3-IND50-00:00:00', 'sell', '15835', '15710', '117.14', '₹ 702,870.00', '₹ 116,668,461.00', '₹ 117,371,331.00', '0:00:00', '47505', '2022-07-31 05:04:16', '2022-07-31 05:04:16', 'IN55555IND'),
(386, 5, '2021-06-17', 'IN55555IND44364BR102020LS3-IND50-00:00:00', 'buy', '15725', '15730', '-2.87', '₹ -17,190.00', '₹ 117,371,331.00', '₹ 117,354,141.00', '0:00:00', '47190', '2022-07-31 05:04:16', '2022-07-31 05:04:16', 'IN55555IND'),
(387, 5, '2021-06-17', 'IN55555IND44364BR102020LS3-IND50-00:00:00', 'sell', '15730', '15700', '22.15', '₹ 132,900.00', '₹ 117,354,141.00', '₹ 117,487,041.00', '0:00:00', '47190', '2022-07-31 05:04:16', '2022-07-31 05:04:16', 'IN55555IND'),
(388, 5, '2021-06-18', 'IN55555IND44365BR102020LS3-IND50-00:00:00', 'sell', '15740', '15485', '247.26', '₹ 1,483,545.00', '₹ 117,487,041.00', '₹ 118,970,586.00', '0:00:00', '47220', '2022-07-31 05:04:16', '2022-07-31 05:04:16', 'IN55555IND'),
(389, 5, '2021-06-21', 'IN55555IND44368BR102020LS3-IND50-00:00:00', 'sell', '15550', '15560', '-17.78', '₹ -106,680.00', '₹ 118,970,586.00', '₹ 118,863,906.00', '0:00:00', '46680', '2022-07-31 05:04:16', '2022-07-31 05:04:16', 'IN55555IND'),
(390, 5, '2021-06-21', 'IN55555IND44368BR102020LS3-IND50-00:00:00', 'buy', '15560', '15840', '272.08', '₹ 1,632,480.00', '₹ 118,863,906.00', '₹ 120,496,386.00', '0:00:00', '47520', '2022-07-31 05:04:16', '2022-07-31 05:04:16', 'IN55555IND'),
(391, 5, '2021-06-22', 'IN55555IND44369BR102020LS3-IND50-00:00:00', 'buy', '15815', '15800', '-22.90', '₹ -137,400.00', '₹ 120,496,386.00', '₹ 120,358,986.00', '0:00:00', '47445', '2022-07-31 05:04:16', '2022-07-31 05:04:16', 'IN55555IND'),
(392, 5, '2021-06-22', 'IN55555IND44369BR102020LS3-IND50-00:00:00', 'sell', '15805', '15753', '44.12', '₹ 264,741.00', '₹ 120,358,986.00', '₹ 120,623,727.00', '0:00:00', '47415', '2022-07-31 05:04:16', '2022-07-31 05:04:16', 'IN55555IND'),
(393, 5, '2021-06-23', 'IN55555IND44370BR102020LS3-IND50-00:00:00', 'buy', '15755', '15760', '-2.88', '₹ -17,280.00', '₹ 120,623,727.00', '₹ 120,606,447.00', '0:00:00', '47280', '2022-07-31 05:04:16', '2022-07-31 05:04:16', 'IN55555IND'),
(394, 5, '2021-06-23', 'IN55555IND44370BR102020LS3-IND50-00:00:00', 'sell', '15760', '15765', '-12.88', '₹ -77,295.00', '₹ 120,606,447.00', '₹ 120,529,152.00', '0:00:00', '47295', '2022-07-31 05:04:16', '2022-07-31 05:04:16', 'IN55555IND'),
(395, 5, '2021-06-23', 'IN55555IND44370BR102020LS3-IND50-00:00:00', 'buy', '15765', '15765', '-7.88', '₹ -47,295.00', '₹ 120,529,152.00', '₹ 120,481,857.00', '0:00:00', '47295', '2022-07-31 05:04:16', '2022-07-31 05:04:16', 'IN55555IND'),
(396, 5, '2021-06-23', 'IN55555IND44370BR102020LS3-IND50-00:00:00', 'sell', '15775', '15735', '32.13', '₹ 192,795.00', '₹ 120,481,857.00', '₹ 120,674,652.00', '0:00:00', '47325', '2022-07-31 05:04:16', '2022-07-31 05:04:16', 'IN55555IND'),
(397, 5, '2021-06-24', 'IN55555IND44371BR102020LS3-IND50-00:00:00', 'sell', '15740', '15770', '-37.88', '₹ -227,310.00', '₹ 120,674,652.00', '₹ 120,447,342.00', '0:00:00', '47310', '2022-07-31 05:04:16', '2022-07-31 05:04:16', 'IN55555IND'),
(398, 5, '2021-06-24', 'IN55555IND44371BR102020LS3-IND50-00:00:00', 'buy', '15755', '15880', '117.06', '₹ 702,360.00', '₹ 120,447,342.00', '₹ 121,149,702.00', '0:00:00', '47640', '2022-07-31 05:04:16', '2022-07-31 05:04:16', 'IN55555IND'),
(399, 5, '2021-06-28', 'IN55555IND44375BR102020LS3-IND50-00:00:00', 'sell', '15855', '15855', '-7.93', '₹ -47,565.00', '₹ 121,149,702.00', '₹ 121,102,137.00', '0:00:00', '47565', '2022-07-31 05:04:16', '2022-07-31 05:04:16', 'IN55555IND'),
(400, 5, '2021-06-28', 'IN55555IND44375BR102020LS3-IND50-00:00:00', 'buy', '15855', '15830', '-32.91', '₹ -197,490.00', '₹ 121,102,137.00', '₹ 120,904,647.00', '0:00:00', '47565', '2022-07-31 05:04:16', '2022-07-31 05:04:16', 'IN55555IND'),
(401, 5, '2021-06-29', 'IN55555IND44376BR102020LS3-IND50-00:00:00', 'sell', '15830', '15775', '47.11', '₹ 282,675.00', '₹ 120,904,647.00', '₹ 121,187,322.00', '0:00:00', '47490', '2022-07-31 05:04:16', '2022-07-31 05:04:16', 'IN55555IND'),
(402, 5, '2021-06-29', 'IN55555IND44376BR102020LS3-IND50-00:00:00', 'Buy', '15775', '15825', '42.09', '₹ 252,525.00', '₹ 121,187,322.00', '₹ 121,439,847.00', '0:00:00', '47475', '2022-07-31 05:04:16', '2022-07-31 05:04:16', 'IN55555IND'),
(403, 5, '2021-06-29', 'IN55555IND44376BR102020LS3-IND50-00:00:00', 'Sell', '15825', '15815', '2.09', '₹ 12,555.00', '₹ 121,439,847.00', '₹ 121,452,402.00', '0:00:00', '47475', '2022-07-31 05:04:16', '2022-07-31 05:04:16', 'IN55555IND'),
(404, 5, '2021-06-30', 'IN55555IND44377BR102020LS3-IND50-00:00:00', 'Sell', '15850', '15811', '31.09', '₹ 186,567.00', '₹ 121,452,402.00', '₹ 121,638,969.00', '0:00:00', '47550', '2022-07-31 05:04:16', '2022-07-31 05:04:16', 'IN55555IND'),
(405, 5, '2021-06-30', 'IN55555IND44377BR102020LS3-IND50-00:00:00', 'Buy', '15811', '15790', '-28.89', '₹ -173,370.00', '₹ 121,638,969.00', '₹ 121,465,599.00', '0:00:00', '47433', '2022-07-31 05:04:16', '2022-07-31 05:04:16', 'IN55555IND'),
(406, 5, '2021-06-30', 'IN55555IND44377BR102020LS3-IND50-00:00:00', 'Sell', '15795', '15720', '67.14', '₹ 402,840.00', '₹ 121,465,599.00', '₹ 121,868,439.00', '0:00:00', '47385', '2022-07-31 05:04:16', '2022-07-31 05:04:16', 'IN55555IND'),
(407, 5, '2021-07-01', 'IN55555IND44378BR102020LS3-IND50-00:00:00', 'Sell', '15720', '15680', '32.16', '₹ 192,960.00', '₹ 121,868,439.00', '₹ 122,061,399.00', '0:00:00', '47160', '2022-07-31 05:04:16', '2022-07-31 05:04:16', 'IN55555IND'),
(408, 5, '2021-07-02', 'IN55555IND44379BR102020LS3-IND50-00:00:00', 'Buy', '15680', '15716', '28.14', '₹ 168,852.00', '₹ 122,061,399.00', '₹ 122,230,251.00', '0:00:00', '47148', '2022-07-31 05:04:16', '2022-07-31 05:04:16', 'IN55555IND'),
(409, 5, '2021-07-02', 'IN55555IND44379BR102020LS3-IND50-00:00:00', 'Sell', '15716', '15720', '-11.86', '₹ -71,160.00', '₹ 122,230,251.00', '₹ 122,159,091.00', '0:00:00', '47160', '2022-07-31 05:04:16', '2022-07-31 05:04:16', 'IN55555IND'),
(410, 5, '2021-07-02', 'IN55555IND44379BR102020LS3-IND50-00:00:00', 'Buy', '15720', '15900', '172.05', '₹ 1,032,300.00', '₹ 122,159,091.00', '₹ 123,191,391.00', '0:00:00', '47700', '2022-07-31 05:04:16', '2022-07-31 05:04:16', 'IN55555IND'),
(411, 5, '2021-07-06', 'IN55555IND44383BR102020LS3-IND50-00:00:00', 'sell', '15830', '15840', '-17.92', '₹ -107,520.00', '₹ 123,191,391.00', '₹ 123,083,871.00', '0:00:00', '47520', '2022-07-31 05:04:16', '2022-07-31 05:04:16', 'IN55555IND'),
(412, 5, '2021-07-07', 'IN55555IND44384BR102020LS3-IND50-00:00:00', 'buy', '15855', '15890', '27.05', '₹ 162,330.00', '₹ 123,083,871.00', '₹ 123,246,201.00', '0:00:00', '47670', '2022-07-31 05:04:16', '2022-07-31 05:04:16', 'IN55555IND');
INSERT INTO `stock_assignments` (`id`, `member_id`, `date`, `trade_id`, `position`, `stock_entry`, `stock_exit`, `net_exit`, `amount`, `opening_balance`, `closing_balance`, `time`, `brokrage`, `created_at`, `updated_at`, `member_code`) VALUES
(413, 5, '2021-07-08', 'IN55555IND44385BR102020LS3-IND50-00:00:00', 'sell', '15870', '15700', '162.15', '₹ 972,900.00', '₹ 123,246,201.00', '₹ 124,219,101.00', '0:00:00', '47610', '2022-07-31 05:04:16', '2022-07-31 05:04:16', 'IN55555IND'),
(414, 5, '2021-07-09', 'IN55555IND44386BR102020LS3-IND50-00:00:00', 'buy', '15715', '15770', '47.12', '₹ 282,690.00', '₹ 124,219,101.00', '₹ 124,501,791.00', '0:00:00', '47310', '2022-07-31 05:04:16', '2022-07-31 05:04:16', 'IN55555IND'),
(415, 5, '2021-07-12', 'IN55555IND44389BR102020LS3-IND50-00:00:00', 'sell', '15770', '15785', '-22.89', '₹ -137,355.00', '₹ 124,501,791.00', '₹ 124,364,436.00', '0:00:00', '47355', '2022-07-31 05:04:16', '2022-07-31 05:04:16', 'IN55555IND'),
(416, 5, '2021-07-12', 'IN55555IND44389BR102020LS3-IND50-00:00:00', 'buy', '15785', '15760', '-32.88', '₹ -197,280.00', '₹ 124,364,436.00', '₹ 124,167,156.00', '0:00:00', '47355', '2022-07-31 05:04:16', '2022-07-31 05:04:16', 'IN55555IND'),
(417, 5, '2021-07-12', 'IN55555IND44389BR102020LS3-IND50-00:00:00', 'sell', '15690', '15720', '-37.86', '₹ -227,160.00', '₹ 124,167,156.00', '₹ 123,939,996.00', '0:00:00', '47160', '2022-07-31 05:04:16', '2022-07-31 05:04:16', 'IN55555IND'),
(418, 5, '2021-07-13', 'IN55555IND44390BR102020LS3-IND50-00:00:00', 'buy', '15775', '15815', '32.09', '₹ 192,555.00', '₹ 123,939,996.00', '₹ 124,132,551.00', '0:00:00', '47445', '2022-07-31 05:04:16', '2022-07-31 05:04:16', 'IN55555IND'),
(419, 5, '2021-07-14', 'IN55555IND44391BR102020LS3-IND50-00:00:00', 'BUY', '15810', '15860', '42.07', '₹ 252,420.00', '₹ 124,132,551.00', '₹ 124,384,971.00', '0:00:00', '47580', '2022-07-31 05:04:16', '2022-07-31 05:04:16', 'IN55555IND'),
(420, 5, '2021-07-16', 'IN55555IND44393BR102020LS3-IND50-00:00:00', 'SELL', '15925', '15940', '-22.97', '₹ -137,820.00', '₹ 124,384,971.00', '₹ 124,247,151.00', '0:00:00', '47820', '2022-07-31 05:04:16', '2022-07-31 05:04:16', 'IN55555IND'),
(421, 5, '2021-07-16', 'IN55555IND44393BR102020LS3-IND50-00:00:00', 'BUY', '15940', '15800', '-147.90', '₹ -887,400.00', '₹ 124,247,151.00', '₹ 123,359,751.00', '0:00:00', '47820', '2022-07-31 05:04:16', '2022-07-31 05:04:16', 'IN55555IND'),
(422, 5, '2021-07-19', 'IN55555IND44396BR102020LS3-IND50-00:00:00', 'SELL', '15800', '15745', '47.13', '₹ 282,765.00', '₹ 123,359,751.00', '₹ 123,642,516.00', '0:00:00', '47400', '2022-07-31 05:04:16', '2022-07-31 05:04:16', 'IN55555IND'),
(423, 5, '2021-07-20', 'IN55555IND44397BR102020LS3-IND50-00:00:00', 'SELL', '15685', '15625', '52.19', '₹ 313,125.00', '₹ 123,642,516.00', '₹ 123,955,641.00', '0:00:00', '47055', '2022-07-31 05:04:16', '2022-07-31 05:04:16', 'IN55555IND'),
(424, 5, '2021-07-22', 'IN55555IND44399BR102020LS3-IND50-00:00:00', 'BUY', '15740', '15800', '52.10', '₹ 312,600.00', '₹ 123,955,641.00', '₹ 124,268,241.00', '0:00:00', '47400', '2022-07-31 05:04:16', '2022-07-31 05:04:16', 'IN55555IND'),
(425, 5, '2021-07-23', 'IN55555IND44400BR102020LS3-IND50-00:00:00', 'BUY', '15785', '15850', '57.08', '₹ 342,450.00', '₹ 124,268,241.00', '₹ 124,610,691.00', '0:00:00', '47550', '2022-07-31 05:04:16', '2022-07-31 05:04:16', 'IN55555IND'),
(426, 5, '2021-07-26', 'IN55555IND44403BR102020LS3-IND50-00:00:00', 'BUY', '15830', '15850', '12.07', '₹ 72,450.00', '₹ 124,610,691.00', '₹ 124,683,141.00', '0:00:00', '47550', '2022-07-31 05:04:16', '2022-07-31 05:04:16', 'IN55555IND'),
(427, 5, '2021-07-27', 'IN55555IND44404BR102020LS3-IND50-00:00:00', 'BUY', '15855', '15860', '-2.93', '₹ -17,580.00', '₹ 124,683,141.00', '₹ 124,665,561.00', '0:00:00', '47580', '2022-07-31 05:04:16', '2022-07-31 05:04:16', 'IN55555IND'),
(428, 5, '2021-07-27', 'IN55555IND44404BR102020LS3-IND50-00:00:00', 'SELL', '15860', '15715', '137.14', '₹ 822,855.00', '₹ 124,665,561.00', '₹ 125,488,416.00', '0:00:00', '47580', '2022-07-31 05:04:16', '2022-07-31 05:04:16', 'IN55555IND'),
(429, 5, '2021-07-28', 'IN55555IND44405BR102020LS3-IND50-00:00:00', 'Sell', '15695', '15600', '87.20', '₹ 523,200.00', '₹ 125,488,416.00', '₹ 126,011,616.00', '0:00:00', '47085', '2022-07-31 05:04:16', '2022-07-31 05:04:16', 'IN55555IND'),
(430, 5, '2021-07-28', 'IN55555IND44405BR102020LS3-IND50-00:00:00', 'Sell', '15690', '15670', '12.16', '₹ 72,990.00', '₹ 126,011,616.00', '₹ 126,084,606.00', '0:00:00', '47070', '2022-07-31 05:04:16', '2022-07-31 05:04:16', 'IN55555IND'),
(431, 5, '2021-07-28', 'IN55555IND44405BR102020LS3-IND50-00:00:00', 'Buy', '15670', '15780', '102.11', '₹ 612,660.00', '₹ 126,084,606.00', '₹ 126,697,266.00', '0:00:00', '47340', '2022-07-31 05:04:16', '2022-07-31 05:04:16', 'IN55555IND'),
(432, 5, '2021-07-29', 'IN55555IND44406BR102020LS3-IND50-00:00:00', 'BUy', '15780', '15780', '-7.89', '₹ -47,340.00', '₹ 126,697,266.00', '₹ 126,649,926.00', '0:00:00', '47340', '2022-07-31 05:04:16', '2022-07-31 05:04:16', 'IN55555IND'),
(433, 5, '2021-07-30', 'IN55555IND44407BR102020LS3-IND50-00:00:00', 'Buy', '15780', '15800', '12.10', '₹ 72,600.00', '₹ 126,649,926.00', '₹ 126,722,526.00', '0:00:00', '47400', '2022-07-31 05:04:16', '2022-07-31 05:04:16', 'IN55555IND'),
(434, 5, '2021-08-03', 'IN55555IND44411BR102020LS3-IND50-00:00:00', 'Buy', '15945', '16320', '366.84', '₹ 2,201,040.00', '₹ 126,722,526.00', '₹ 128,923,566.00', '0:00:00', '48960', '2022-07-31 05:04:16', '2022-07-31 05:04:16', 'IN55555IND'),
(435, 5, '2021-08-06', 'IN55555IND44414BR102020LS3-IND50-00:00:00', 'Buy', '16265', '16280', '6.86', '₹ 41,160.00', '₹ 128,923,566.00', '₹ 128,964,726.00', '0:00:00', '48840', '2022-07-31 05:04:16', '2022-07-31 05:04:16', 'IN55555IND'),
(436, 5, '2021-08-06', 'IN55555IND44414BR102020LS3-IND50-00:00:00', 'Sell', '16280', '16265', '6.87', '₹ 41,205.00', '₹ 128,964,726.00', '₹ 129,005,931.00', '0:00:00', '48840', '2022-07-31 05:04:16', '2022-07-31 05:04:16', 'IN55555IND'),
(437, 5, '2021-08-06', 'IN55555IND44414BR102020LS3-IND50-00:00:00', 'Buy', '16265', '16260', '-13.13', '₹ -78,780.00', '₹ 129,005,931.00', '₹ 128,927,151.00', '0:00:00', '48795', '2022-07-31 05:04:16', '2022-07-31 05:04:16', 'IN55555IND'),
(438, 5, '2021-08-06', 'IN55555IND44414BR102020LS3-IND50-00:00:00', 'Sell', '16260', '16265', '-13.13', '₹ -78,795.00', '₹ 128,927,151.00', '₹ 128,848,356.00', '0:00:00', '48795', '2022-07-31 05:04:16', '2022-07-31 05:04:16', 'IN55555IND'),
(439, 5, '2021-08-06', 'IN55555IND44414BR102020LS3-IND50-00:00:00', 'Buy', '16270', '16290', '11.86', '₹ 71,130.00', '₹ 128,848,356.00', '₹ 128,919,486.00', '0:00:00', '48870', '2022-07-31 05:04:16', '2022-07-31 05:04:16', 'IN55555IND'),
(440, 5, '2021-08-09', 'IN55555IND44417BR102020LS3-IND50-00:00:00', 'Sell', '16290', '16235', '46.88', '₹ 281,295.00', '₹ 128,919,486.00', '₹ 129,200,781.00', '0:00:00', '48870', '2022-07-31 05:04:16', '2022-07-31 05:04:16', 'IN55555IND'),
(441, 5, '2021-08-10', 'IN55555IND44418BR102020LS3-IND50-00:00:00', 'Buy', '16290', '16320', '21.84', '₹ 131,040.00', '₹ 129,200,781.00', '₹ 129,331,821.00', '0:00:00', '48960', '2022-07-31 05:04:16', '2022-07-31 05:04:16', 'IN55555IND'),
(442, 5, '2021-08-10', 'IN55555IND44418BR102020LS3-IND50-00:00:00', 'Sell', '16255', '16285', '-38.14', '₹ -228,855.00', '₹ 129,331,821.00', '₹ 129,102,966.00', '0:00:00', '48855', '2022-07-31 05:04:16', '2022-07-31 05:04:16', 'IN55555IND'),
(443, 5, '2021-08-11', 'IN55555IND44419BR102020LS3-IND50-00:00:00', 'Sell', '16295', '16245', '41.88', '₹ 251,265.00', '₹ 129,102,966.00', '₹ 129,354,231.00', '0:00:00', '48885', '2022-07-31 05:04:16', '2022-07-31 05:04:16', 'IN55555IND'),
(444, 5, '2021-08-11', 'IN55555IND44419BR102020LS3-IND50-00:00:00', 'Sell', '16230', '16240', '-18.12', '₹ -108,720.00', '₹ 129,354,231.00', '₹ 129,245,511.00', '0:00:00', '48720', '2022-07-31 05:04:16', '2022-07-31 05:04:16', 'IN55555IND'),
(445, 5, '2021-08-12', 'IN55555IND44420BR102020LS3-IND50-00:00:00', 'Buy', '16320', '16480', '151.76', '₹ 910,560.00', '₹ 129,245,511.00', '₹ 130,156,071.00', '0:00:00', '49440', '2022-07-31 05:04:16', '2022-07-31 05:04:16', 'IN55555IND'),
(446, 5, '2021-08-17', 'IN55555IND44425BR102020LS3-IND50-00:00:00', 'Sell', '16530', '16510', '11.74', '₹ 70,470.00', '₹ 130,156,071.00', '₹ 130,226,541.00', '0:00:00', '49590', '2022-07-31 05:04:16', '2022-07-31 05:04:16', 'IN55555IND'),
(447, 5, '2021-08-17', 'IN55555IND44425BR102020LS3-IND50-00:00:00', 'Buy', '16510', '16495', '-23.25', '₹ -139,485.00', '₹ 130,226,541.00', '₹ 130,087,056.00', '0:00:00', '49530', '2022-07-31 05:04:16', '2022-07-31 05:04:16', 'IN55555IND'),
(448, 5, '2021-08-17', 'IN55555IND44425BR102020LS3-IND50-00:00:00', 'Buy', '16515', '16650', '126.67', '₹ 760,050.00', '₹ 130,087,056.00', '₹ 130,847,106.00', '0:00:00', '49950', '2022-07-31 05:04:16', '2022-07-31 05:04:16', 'IN55555IND'),
(449, 5, '2021-08-18', 'IN55555IND44426BR102020LS3-IND50-00:00:00', 'Sell', '16600', '16565', '26.72', '₹ 160,305.00', '₹ 130,847,106.00', '₹ 131,007,411.00', '0:00:00', '49800', '2022-07-31 05:04:16', '2022-07-31 05:04:16', 'IN55555IND'),
(450, 5, '2021-08-18', 'IN55555IND44426BR102020LS3-IND50-00:00:00', 'Buy', '16570', '16560', '-18.28', '₹ -109,680.00', '₹ 131,007,411.00', '₹ 130,897,731.00', '0:00:00', '49710', '2022-07-31 05:04:16', '2022-07-31 05:04:16', 'IN55555IND'),
(451, 5, '2021-08-20', 'IN55555IND44428BR102020LS3-IND50-00:00:00', 'Buy', '16430', '16455', '16.77', '₹ 100,635.00', '₹ 130,897,731.00', '₹ 130,998,366.00', '0:00:00', '49365', '2022-07-31 05:04:16', '2022-07-31 05:04:16', 'IN55555IND'),
(452, 5, '2021-08-20', 'IN55555IND44428BR102020LS3-IND50-00:00:00', 'Sell', '16455', '16400', '46.80', '₹ 280,800.00', '₹ 130,998,366.00', '₹ 131,279,166.00', '0:00:00', '49365', '2022-07-31 05:04:16', '2022-07-31 05:04:16', 'IN55555IND'),
(453, 5, '2021-08-20', 'IN55555IND44428BR102020LS3-IND50-00:00:00', 'Buy', '16400', '16430', '21.79', '₹ 130,710.00', '₹ 131,279,166.00', '₹ 131,409,876.00', '0:00:00', '49290', '2022-07-31 05:04:16', '2022-07-31 05:04:16', 'IN55555IND'),
(454, 5, '2021-08-20', 'IN55555IND44428BR102020LS3-IND50-00:00:00', 'Sell', '16440', '16530', '-98.27', '₹ -589,590.00', '₹ 131,409,876.00', '₹ 130,820,286.00', '0:00:00', '49590', '2022-07-31 05:04:16', '2022-07-31 05:04:16', 'IN55555IND'),
(455, 5, '2021-08-23', 'IN55555IND44431BR102020LS3-IND50-00:00:00', 'Sell', '16435', '16460', '-33.23', '₹ -199,380.00', '₹ 130,820,286.00', '₹ 130,620,906.00', '0:00:00', '49380', '2022-07-31 05:04:16', '2022-07-31 05:04:16', 'IN55555IND'),
(456, 5, '2021-08-23', 'IN55555IND44431BR102020LS3-IND50-00:00:00', 'Buy', '16465', '16650', '176.68', '₹ 1,060,050.00', '₹ 130,620,906.00', '₹ 131,680,956.00', '0:00:00', '49950', '2022-07-31 05:04:16', '2022-07-31 05:04:16', 'IN55555IND'),
(457, 5, '2021-08-25', 'IN55555IND44433BR102020LS3-IND50-00:00:00', 'Sell', '16630', '16640', '-18.32', '₹ -109,920.00', '₹ 131,680,956.00', '₹ 131,571,036.00', '0:00:00', '49920', '2022-07-31 05:04:16', '2022-07-31 05:04:16', 'IN55555IND'),
(458, 5, '2021-08-26', 'IN55555IND26/08/2021BR102020LS3-IND50-10:14:00', 'Sell', '16650', '16635', '6.68', '₹ 40,095.00', '₹ 131,571,036.00', '₹ 131,611,131.00', '10:14:00', '49950', '2022-07-31 05:04:16', '2022-07-31 05:04:16', 'IN55555IND'),
(459, 5, '2021-08-27', 'IN55555IND27/08/2021BR102020LS3-IND50-10:30:40', 'Buy', '16650', '17139.55', '480.98', '₹ 2,885,881.35', '₹ 131,611,131.00', '₹ 134,497,012.35', '10:30:40', '51418.65', '2022-07-31 05:04:16', '2022-07-31 05:04:16', 'IN55555IND'),
(460, 5, '2021-09-01', 'IN55555IND01/09/2021BR102020LS3-IND50-00:00:00', 'Buy', '17135', '17135', '-8.57', '₹ -51,405.00', '₹ 134,497,012.35', '₹ 134,445,607.35', '0:00:00', '51405', '2022-07-31 05:04:16', '2022-07-31 05:04:16', 'IN55555IND'),
(461, 5, '2021-09-01', 'IN55555IND01/09/2021BR102020LS3-IND50-00:00:00', 'Sell', '17135', '17140', '-13.57', '₹ -81,420.00', '₹ 134,445,607.35', '₹ 134,364,187.35', '0:00:00', '51420', '2022-07-31 05:04:16', '2022-07-31 05:04:16', 'IN55555IND'),
(462, 5, '2021-09-02', 'IN55555IND02/09/2021BR102020LS3-IND50-00:00:00', 'Buy', '17140', '17260.75', '112.12', '₹ 672,717.75', '₹ 134,364,187.35', '₹ 135,036,905.10', '0:00:00', '51782.25', '2022-07-31 05:04:16', '2022-07-31 05:04:16', 'IN55555IND'),
(463, 5, '2021-09-03', 'IN55555IND03/09/2021BR102020LS3-IND50-00:00:00', 'Buy', '17280', '17368.75', '80.07', '₹ 480,393.75', '₹ 135,036,905.10', '₹ 135,517,298.85', '0:00:00', '52106.25', '2022-07-31 05:04:16', '2022-07-31 05:04:16', 'IN55555IND'),
(464, 5, '2021-09-06', 'IN55555IND06/09/2021BR102020LS3-IND50-00:00:00', 'Buy', '17400', '17364.55', '-44.13', '₹ -264,793.65', '₹ 135,517,298.85', '₹ 135,252,505.20', '0:00:00', '52200', '2022-07-31 05:04:16', '2022-07-31 05:04:16', 'IN55555IND'),
(465, 5, '2021-09-07', 'IN55555IND07/09/2021BR102020LS3-IND50-00:00:00', 'Sell', '17370', '17345.35', '15.98', '₹ 95,863.95', '₹ 135,252,505.20', '₹ 135,348,369.15', '0:00:00', '52110', '2022-07-31 05:04:16', '2022-07-31 05:04:16', 'IN55555IND'),
(466, 5, '2021-09-07', 'IN55555IND07/09/2021BR102020LS3-IND50-00:00:00', 'Buy', '17345', '17398.75', '45.05', '₹ 270,303.75', '₹ 135,348,369.15', '₹ 135,618,672.90', '0:00:00', '52196.25', '2022-07-31 05:04:16', '2022-07-31 05:04:16', 'IN55555IND'),
(467, 5, '2021-09-08', 'IN55555IND08/09/2021BR102020LS3-IND50-00:00:00', 'Sell', '17370', '17387.65', '-26.34', '₹ -158,062.95', '₹ 135,618,672.90', '₹ 135,460,609.95', '0:00:00', '52162.95', '2022-07-31 05:04:16', '2022-07-31 05:04:16', 'IN55555IND'),
(468, 5, '2021-09-08', 'IN55555IND08/09/2021BR102020LS3-IND50-12:31:15', 'Sell', '17355', '17342.95', '3.38', '₹ 20,271.15', '₹ 135,460,609.95', '₹ 135,480,881.10', '12:31:15', '52065', '2022-07-31 05:04:16', '2022-07-31 05:04:16', 'IN55555IND'),
(469, 5, '2021-09-08', 'IN55555IND08/09/2021BR102020LS3-IND50-00:00:00', 'Buy', '17375', '17339.85', '-43.82', '₹ -262,919.55', '₹ 135,480,881.10', '₹ 135,217,961.55', '0:00:00', '52125', '2022-07-31 05:04:16', '2022-07-31 05:04:16', 'IN55555IND'),
(470, 5, '2021-09-09', 'IN55555IND09/09/2021BR102020LS3-IND50-00:00:00', 'Sell', '17335', '17348.65', '-22.32', '₹ -133,945.95', '₹ 135,217,961.55', '₹ 135,084,015.60', '0:00:00', '52045.95', '2022-07-31 05:04:16', '2022-07-31 05:04:16', 'IN55555IND'),
(471, 5, '2021-09-13', 'IN55555IND13/09/2021BR102020LS3-IND50-00:00:00', 'Sell', '17330', '17342.45', '-21.12', '₹ -126,727.35', '₹ 135,084,015.60', '₹ 134,957,288.25', '0:00:00', '52027.35', '2022-07-31 05:04:16', '2022-07-31 05:04:16', 'IN55555IND'),
(472, 5, '2021-09-13', 'IN55555IND13/09/2021BR102020LS3-IND50-00:00:00', 'Buy', '17345', '17397.65', '43.95', '₹ 263,707.05', '₹ 134,957,288.25', '₹ 135,220,995.30', '0:00:00', '52192.95', '2022-07-31 05:04:16', '2022-07-31 05:04:16', 'IN55555IND'),
(473, 5, '2021-09-14', 'IN55555IND14/09/2021BR102020LS3-IND50-00:00:00', 'Sell', '17400', '17420.55', '-29.26', '₹ -175,561.65', '₹ 135,220,995.30', '₹ 135,045,433.65', '0:00:00', '52261.65', '2022-07-31 05:04:16', '2022-07-31 05:04:16', 'IN55555IND'),
(474, 5, '2021-09-15', 'IN55555IND15/09/2021BR102020LS3-IND50-09:54:30', 'Buy', '17422', '17722.45', '291.59', '₹ 1,749,532.65', '₹ 135,045,433.65', '₹ 136,794,966.30', '9:54:30', '53167.35', '2022-07-31 05:04:16', '2022-07-31 05:04:16', 'IN55555IND'),
(475, 5, '2021-09-17', 'IN55555IND17/09/2021BR102020LS3-IND50-00:00:00', 'Sell', '17660', '17506.35', '144.90', '₹ 869,380.95', '₹ 136,794,966.30', '₹ 137,664,347.25', '0:00:00', '52980', '2022-07-31 05:04:16', '2022-07-31 05:04:16', 'IN55555IND'),
(476, 5, '2021-09-20', 'IN55555IND20/09/2021BR102020LS3-IND50-00:00:00', 'Buy', '17506', '17570.8', '56.01', '₹ 336,087.60', '₹ 137,664,347.25', '₹ 138,000,434.85', '0:00:00', '52712.4', '2022-07-31 05:04:16', '2022-07-31 05:04:16', 'IN55555IND'),
(477, 5, '2021-09-20', 'IN55555IND20/09/2021BR102020LS3-IND50-00:00:00', 'Sell', '17480', '17400.25', '71.05', '₹ 426,299.25', '₹ 138,000,434.85', '₹ 138,426,734.10', '0:00:00', '52440', '2022-07-31 05:04:16', '2022-07-31 05:04:16', 'IN55555IND'),
(478, 5, '2021-09-21', 'IN55555IND21/09/2021BR102020LS3-IND50-00:00:00', 'Buy', '17401', '17380.85', '-28.84', '₹ -173,042.55', '₹ 138,426,734.10', '₹ 138,253,691.55', '0:00:00', '52203', '2022-07-31 05:04:16', '2022-07-31 05:04:16', 'IN55555IND'),
(479, 5, '2021-09-21', 'IN55555IND21/09/2021BR102020LS3-IND50-11:05:58', 'Sell', '17380', '17405.65', '-34.35', '₹ -206,116.95', '₹ 138,253,691.55', '₹ 138,047,574.60', '11:05:58', '52216.95', '2022-07-31 05:04:16', '2022-07-31 05:04:16', 'IN55555IND'),
(480, 5, '2021-09-21', 'IN55555IND21/09/2021BR102020LS3-IND50-00:00:00', 'Buy', '17470', '17858.55', '379.62', '₹ 2,277,724.35', '₹ 138,047,574.60', '₹ 140,325,298.95', '0:00:00', '53575.65', '2022-07-31 05:04:16', '2022-07-31 05:04:16', 'IN55555IND'),
(481, 5, '2021-09-24', 'IN55555IND24/09/2021BR102020LS3-IND50-00:00:00', 'Sell', '17860', '17922.35', '-71.31', '₹ -427,867.05', '₹ 140,325,298.95', '₹ 139,897,431.90', '0:00:00', '53767.05', '2022-07-31 05:04:16', '2022-07-31 05:04:16', 'IN55555IND'),
(482, 5, '2021-09-27', 'IN55555IND27/09/2021BR102020LS3-IND50-00:00:00', 'Sell', '17850', '17855.95', '-14.88', '₹ -89,267.85', '₹ 139,897,431.90', '₹ 139,808,164.05', '0:00:00', '53567.85', '2022-07-31 05:04:16', '2022-07-31 05:04:16', 'IN55555IND'),
(483, 5, '2021-09-27', 'IN55555IND27/09/2021BR102020LS3-IND50-00:00:00', 'Buy', '17855', '17853.65', '-10.28', '₹ -61,660.95', '₹ 139,808,164.05', '₹ 139,746,503.10', '0:00:00', '53565', '2022-07-31 05:04:16', '2022-07-31 05:04:16', 'IN55555IND'),
(484, 5, '2021-09-27', 'IN55555IND27/09/2021BR102020LS3-IND50-00:00:00', 'Sell', '17853', '17653.65', '190.52', '₹ 1,143,139.05', '₹ 139,746,503.10', '₹ 140,889,642.15', '0:00:00', '53559', '2022-07-31 05:04:16', '2022-07-31 05:04:16', 'IN55555IND'),
(485, 5, '2021-09-28', 'IN55555IND28/09/2021BR102020LS3-IND50-00:00:00', 'Buy', '17655', '17670.15', '6.31', '₹ 37,889.55', '₹ 140,889,642.15', '₹ 140,927,531.70', '0:00:00', '53010.45', '2022-07-31 05:04:16', '2022-07-31 05:04:16', 'IN55555IND'),
(486, 5, '2021-09-29', 'IN55555IND29/09/2021BR102020LS3-IND50-00:00:00', 'Sell', '17665', '17676.75', '-20.59', '₹ -123,530.25', '₹ 140,927,531.70', '₹ 140,804,001.45', '0:00:00', '53030.25', '2022-07-31 05:04:16', '2022-07-31 05:04:16', 'IN55555IND'),
(487, 5, '2021-09-29', 'IN55555IND29/09/2021BR102020LS3-IND50-00:00:00', 'Buy', '17701.65', '17733.55', '23.03', '₹ 138,199.35', '₹ 140,804,001.45', '₹ 140,942,200.80', '0:00:00', '53200.65', '2022-07-31 05:04:16', '2022-07-31 05:04:16', 'IN55555IND'),
(488, 5, '2021-09-30', 'IN55555IND30/09/2021BR102020LS3-IND50-00:00:00', 'Sell', '17722.85', '17662.55', '51.47', '₹ 308,812.35', '₹ 140,942,200.80', '₹ 141,251,013.15', '0:00:00', '53168.55', '2022-07-31 05:04:16', '2022-07-31 05:04:16', 'IN55555IND'),
(489, 5, '2021-09-30', 'IN55555IND30/09/2021BR102020LS3-IND50-00:00:00', 'Buy', '17663.45', '17698.75', '26.45', '₹ 158,703.75', '₹ 141,251,013.15', '₹ 141,409,716.90', '0:00:00', '53096.25', '2022-07-31 05:04:16', '2022-07-31 05:04:16', 'IN55555IND'),
(490, 5, '2021-09-30', 'IN55555IND30/09/2021BR102020LS3-IND50-00:00:00', 'Sell', '17670', '17522.35', '138.89', '₹ 833,332.95', '₹ 141,409,716.90', '₹ 142,243,049.85', '0:00:00', '53010', '2022-07-31 05:04:16', '2022-07-31 05:04:16', 'IN55555IND'),
(491, 5, '2021-10-01', 'IN55555IND01/10/2021BR102020LS3-IND50-00:00:00', 'Buy', '17526', '17707.65', '172.80', '₹ 1,036,777.05', '₹ 142,243,049.85', '₹ 143,279,826.90', '0:00:00', '53122.95', '2022-07-31 05:04:16', '2022-07-31 05:04:16', 'IN55555IND'),
(492, 5, '2021-10-05', 'IN55555IND05/10/2021BR102020LS3-IND50-00:00:00', 'Sell', '17680', '17681.55', '-10.39', '₹ -62,344.65', '₹ 143,279,826.90', '₹ 143,217,482.25', '0:00:00', '53044.65', '2022-07-31 05:04:16', '2022-07-31 05:04:16', 'IN55555IND'),
(493, 5, '2021-10-05', 'IN55555IND05/10/2021BR102020LS3-IND50-00:00:00', 'Buy', '17681', '17679.85', '-9.99', '₹ -59,939.55', '₹ 143,217,482.25', '₹ 143,157,542.70', '0:00:00', '53043', '2022-07-31 05:04:16', '2022-07-31 05:04:16', 'IN55555IND'),
(494, 5, '2021-10-05', 'IN55555IND05/10/2021BR102020LS3-IND50-00:00:00', 'Sell', '17680', '17701.65', '-30.50', '₹ -183,004.95', '₹ 143,157,542.70', '₹ 142,974,537.75', '0:00:00', '53104.95', '2022-07-31 05:04:16', '2022-07-31 05:04:16', 'IN55555IND'),
(495, 5, '2021-10-05', 'IN55555IND05/10/2021BR102020LS3-IND50-12:15:05', 'Buy', '17690', '17816.55', '117.64', '₹ 705,850.35', '₹ 142,974,537.75', '₹ 143,680,388.10', '12:15:05', '53449.65', '2022-07-31 05:04:16', '2022-07-31 05:04:16', 'IN55555IND'),
(496, 5, '2021-10-06', 'IN55555IND06/10/2021BR102020LS3-IND50-13:14:06', 'Sell', '17770', '17787.95', '-26.84', '₹ -161,063.85', '₹ 143,680,388.10', '₹ 143,519,324.25', '13:14:06', '53363.85', '2022-07-31 05:04:16', '2022-07-31 05:04:16', 'IN55555IND'),
(497, 5, '2021-10-07', 'IN55555IND07/10/2021BR102020LS3-IND50-00:00:00', 'Buy', '17818', '17800.05', '-26.85', '₹ -161,100.15', '₹ 143,519,324.25', '₹ 143,358,224.10', '0:00:00', '53454', '2022-07-31 05:04:16', '2022-07-31 05:04:16', 'IN55555IND'),
(498, 5, '2021-10-07', 'IN55555IND07/10/2021BR102020LS3-IND50-15:27:03', 'Buy', '17815', '17898.75', '74.80', '₹ 448,803.75', '₹ 143,358,224.10', '₹ 143,807,027.85', '15:27:03', '53696.25', '2022-07-31 05:04:16', '2022-07-31 05:04:16', 'IN55555IND'),
(499, 5, '2021-10-11', 'IN55555IND11/10/2021BR102020LS3-IND50-09:31:59', 'Buy', '17915', '18009.75', '85.75', '₹ 514,470.75', '₹ 143,807,027.85', '₹ 144,321,498.60', '9:31:59', '54029.25', '2022-07-31 05:04:16', '2022-07-31 05:04:16', 'IN55555IND'),
(500, 5, '2021-10-12', 'IN55555IND12/10/2021BR102020LS3-IND50-09:31:33', 'Sell', '17960', '17901.45', '49.60', '₹ 297,595.65', '₹ 144,321,498.60', '₹ 144,619,094.25', '9:31:33', '53880', '2022-07-31 05:04:16', '2022-07-31 05:04:16', 'IN55555IND'),
(501, 5, '2021-10-12', 'IN55555IND12/10/2021BR102020LS3-IND50-11:03:00', 'Buy', '17905', '17891.75', '-22.20', '₹ -133,175.25', '₹ 144,619,094.25', '₹ 144,485,919.00', '11:03:00', '53715', '2022-07-31 05:04:16', '2022-07-31 05:04:16', 'IN55555IND'),
(502, 5, '2021-10-12', 'IN55555IND12/10/2021BR102020LS3-IND50-11:47:03', 'Sell', '17891', '17886.95', '-4.89', '₹ -29,360.85', '₹ 144,485,919.00', '₹ 144,456,558.15', '11:47:03', '53673', '2022-07-31 05:04:16', '2022-07-31 05:04:16', 'IN55555IND'),
(503, 5, '2021-10-12', 'IN55555IND12/10/2021BR102020LS3-IND50-12:06:00', 'Buy', '17886', '18500.65', '605.40', '₹ 3,632,398.05', '₹ 144,456,558.15', '₹ 148,088,956.20', '12:06:00', '55501.95', '2022-07-31 05:04:16', '2022-07-31 05:04:16', 'IN55555IND'),
(504, 5, '2021-10-19', 'IN55555IND19/10/2021BR102020LS3-IND50-10:42:04', 'Buy', '18515', '18488.55', '-35.69', '₹ -214,165.65', '₹ 148,088,956.20', '₹ 147,874,790.55', '10:42:04', '55545', '2022-07-31 05:04:16', '2022-07-31 05:04:16', 'IN55555IND'),
(505, 5, '2021-10-19', 'IN55555IND19/10/2021BR102020LS3-IND50-14:57:01', 'Sell', '18485', '18382.95', '92.86', '₹ 557,151.15', '₹ 147,874,790.55', '₹ 148,431,941.70', '14:57:01', '55455', '2022-07-31 05:04:16', '2022-07-31 05:04:16', 'IN55555IND'),
(506, 5, '2021-10-20', 'IN55555IND20/10/2021BR102020LS3-IND50-00:00:00', 'Buy', '18395', '18378.8', '-25.39', '₹ -152,336.40', '₹ 148,431,941.70', '₹ 148,279,605.30', '0:00:00', '55185', '2022-07-31 05:04:16', '2022-07-31 05:04:16', 'IN55555IND'),
(507, 5, '2021-10-20', 'IN55555IND20/10/2021BR102020LS3-IND50-12:02:00', 'Sell', '18375', '18156.75', '209.17', '₹ 1,255,029.75', '₹ 148,279,605.30', '₹ 149,534,635.05', '12:02:00', '55125', '2022-07-31 05:04:16', '2022-07-31 05:04:16', 'IN55555IND'),
(508, 5, '2021-10-21', 'IN55555IND21/10/2021BR102020LS3-IND50-13:06:15', 'Sell', '18190', '18156.35', '24.57', '₹ 147,430.95', '₹ 149,534,635.05', '₹ 149,682,066.00', '13:06:15', '54570', '2022-07-31 05:04:16', '2022-07-31 05:04:16', 'IN55555IND'),
(509, 5, '2021-10-22', 'IN55555IND22/10/2021BR102020LS3-IND50-00:00:00', 'Buy', '18240', '18232.45', '-16.67', '₹ -99,997.35', '₹ 149,682,066.00', '₹ 149,582,068.65', '0:00:00', '54720', '2022-07-31 05:04:16', '2022-07-31 05:04:16', 'IN55555IND'),
(510, 5, '2021-10-22', 'IN55555IND22/10/2021BR102020LS3-IND50-00:00:00', 'Buy', '18160', '18148.75', '-20.32', '₹ -121,946.25', '₹ 149,582,068.65', '₹ 149,460,122.40', '0:00:00', '54480', '2022-07-31 05:04:16', '2022-07-31 05:04:16', 'IN55555IND'),
(511, 5, '2021-10-22', 'IN55555IND22/10/2021BR102020LS3-IND50-00:00:00', 'Sell', '18150', '18041.65', '99.33', '₹ 595,975.05', '₹ 149,460,122.40', '₹ 150,056,097.45', '0:00:00', '54450', '2022-07-31 05:04:16', '2022-07-31 05:04:16', 'IN55555IND'),
(512, 5, '2021-10-25', 'IN55555IND25/10/2021BR102020LS3-IND50-00:00:00', 'Buy', '18041', '18197.65', '147.55', '₹ 885,307.05', '₹ 150,056,097.45', '₹ 150,941,404.50', '0:00:00', '54592.95', '2022-07-31 05:04:16', '2022-07-31 05:04:16', 'IN55555IND'),
(513, 5, '2021-10-25', 'IN55555IND25/10/2021BR102020LS3-IND50-00:00:00', 'Sell', '18155', '18175.85', '-29.94', '₹ -179,627.55', '₹ 150,941,404.50', '₹ 150,761,776.95', '0:00:00', '54527.55', '2022-07-31 05:04:16', '2022-07-31 05:04:16', 'IN55555IND'),
(514, 5, '2021-10-26', 'IN55555IND26/10/2021BR102020LS3-IND50-00:00:00', 'Buy', '18230', '18218.35', '-20.76', '₹ -124,555.05', '₹ 150,761,776.95', '₹ 150,637,221.90', '0:00:00', '54690', '2022-07-31 05:04:16', '2022-07-31 05:04:16', 'IN55555IND'),
(515, 5, '2021-10-26', 'IN55555IND26/10/2021BR102020LS3-IND50-10:46:15', 'Sell', '18187', '18142.35', '35.58', '₹ 213,472.95', '₹ 150,637,221.90', '₹ 150,850,694.85', '10:46:15', '54561', '2022-07-31 05:04:16', '2022-07-31 05:04:16', 'IN55555IND'),
(516, 5, '2021-10-26', 'IN55555IND26/10/2021BR102020LS3-IND50-11:40:00', 'Buy', '18145', '18306.55', '152.40', '₹ 914,380.35', '₹ 150,850,694.85', '₹ 151,765,075.20', '11:40:00', '54919.65', '2022-07-31 05:04:16', '2022-07-31 05:04:16', 'IN55555IND'),
(517, 5, '2021-10-26', 'IN55555IND26/10/2021BR102020LS3-IND50-00:00:00', 'Sell', '18275', '17685.65', '580.51', '₹ 3,483,043.05', '₹ 151,765,075.20', '₹ 155,248,118.25', '0:00:00', '54825', '2022-07-31 05:04:16', '2022-07-31 05:04:16', 'IN55555IND'),
(518, 5, '2021-10-29', 'IN55555IND29/10/2021BR102020LS3-IND50-00:00:00', 'Buy', '17715.55', '17881.75', '157.26', '₹ 943,554.75', '₹ 155,248,118.25', '₹ 156,191,673.00', '0:00:00', '53645.25', '2022-07-31 05:04:16', '2022-07-31 05:04:16', 'IN55555IND'),
(519, 5, '2021-10-29', 'IN55555IND29/10/2021BR102020LS3-IND50-00:00:00', 'Buy', '17862.75', '17828.75', '-42.91', '₹ -257,486.25', '₹ 156,191,673.00', '₹ 155,934,186.75', '0:00:00', '53588.25', '2022-07-31 05:04:16', '2022-07-31 05:04:16', 'IN55555IND'),
(520, 5, '2021-10-29', 'IN55555IND29/10/2021BR102020LS3-IND50-00:00:00', 'Sell', '17805.65', '17682.25', '114.56', '₹ 687,353.25', '₹ 155,934,186.75', '₹ 156,621,540.00', '0:00:00', '53416.95', '2022-07-31 05:04:16', '2022-07-31 05:04:16', 'IN55555IND'),
(521, 5, '2021-10-29', 'IN55555IND29/10/2021BR102020LS3-IND50-15:00:01', 'Sell', '17785.45', '17810.75', '-34.21', '₹ -205,232.25', '₹ 156,621,540.00', '₹ 156,416,307.75', '15:00:01', '53432.25', '2022-07-31 05:04:16', '2022-07-31 05:04:16', 'IN55555IND'),
(522, 5, '2021-11-01', 'IN55555IND01/11/2021BR102020LS3-IND50-09:31:15', 'Buy', '17776.35', '17819.75', '34.49', '₹ 206,940.75', '₹ 156,416,307.75', '₹ 156,623,248.50', '9:31:15', '53459.25', '2022-07-31 05:04:16', '2022-07-31 05:04:16', 'IN55555IND'),
(523, 5, '2021-11-01', 'IN55555IND01/11/2021BR102020LS3-IND50-10:10:43', 'Sell', '17819.75', '17816.95', '-6.11', '₹ -36,650.85', '₹ 156,623,248.50', '₹ 156,586,597.65', '10:10:43', '53459.25', '2022-07-31 05:04:16', '2022-07-31 05:04:16', 'IN55555IND'),
(524, 5, '2021-11-01', 'IN55555IND01/11/2021BR102020LS3-IND50-00:00:00', 'Buy', '17816.95', '17993.45', '167.50', '₹ 1,005,019.65', '₹ 156,586,597.65', '₹ 157,591,617.30', '0:00:00', '53980.35', '2022-07-31 05:04:16', '2022-07-31 05:04:16', 'IN55555IND'),
(525, 5, '2021-11-02', 'IN55555IND02/11/2021BR102020LS3-IND50-13:56:30', 'Sell', '17948.95', '17948', '-8.02', '₹ -48,144.00', '₹ 157,591,617.30', '₹ 157,543,473.30', '13:56:30', '53846.85', '2022-07-31 05:04:16', '2022-07-31 05:04:16', 'IN55555IND'),
(526, 5, '2021-11-08', 'IN55555IND08/11/2021BR102020LS3-IND50-10:30:15', 'Buy', '17899.65', '17924.85', '16.24', '₹ 97,425.45', '₹ 157,543,473.30', '₹ 157,640,898.75', '10:30:15', '53774.55', '2022-07-31 05:04:16', '2022-07-31 05:04:16', 'IN55555IND'),
(527, 5, '2021-11-08', 'IN55555IND08/11/2021BR102020LS3-IND50-11:36:41', 'Sell', '17924.85', '17948.95', '-33.07', '₹ -198,446.85', '₹ 157,640,898.75', '₹ 157,442,451.90', '11:36:41', '53846.85', '2022-07-31 05:04:16', '2022-07-31 05:04:16', 'IN55555IND'),
(528, 5, '2021-11-08', 'IN55555IND08/11/2021BR102020LS3-IND50-11:58:13', 'Buy', '17956.45', '18104.45', '138.95', '₹ 833,686.65', '₹ 157,442,451.90', '₹ 158,276,138.55', '11:58:13', '54313.35', '2022-07-31 05:04:16', '2022-07-31 05:04:16', 'IN55555IND'),
(529, 5, '2021-11-09', 'IN55555IND09/11/2021BR102020LS3-IND50-12:18:15', 'Sell', '18066.55', '18075.65', '-18.14', '₹ -108,826.95', '₹ 158,276,138.55', '₹ 158,167,311.60', '12:18:15', '54226.95', '2022-07-31 05:04:16', '2022-07-31 05:04:16', 'IN55555IND'),
(530, 5, '2021-11-10', 'IN55555IND10/11/2021BR102020LS3-IND50-10:03:01', 'Buy', '17955.45', '18044.55', '80.08', '₹ 480,466.35', '₹ 158,167,311.60', '₹ 158,647,777.95', '10:03:01', '54133.65', '2022-07-31 05:04:16', '2022-07-31 05:04:16', 'IN55555IND'),
(531, 5, '2021-11-11', 'IN55555IND11/11/2021BR102020LS3-IND50-09:24:05', 'Sell', '17948.75', '17902.85', '36.95', '₹ 221,691.45', '₹ 158,647,777.95', '₹ 158,869,469.40', '9:24:05', '53846.25', '2022-07-31 05:04:16', '2022-07-31 05:04:16', 'IN55555IND'),
(532, 5, '2021-11-12', 'IN55555IND12/11/2021BR102020LS3-IND50-11:15:48', 'Buy', '17962.75', '18177.8', '205.96', '₹ 1,235,766.60', '₹ 158,869,469.40', '₹ 160,105,236.00', '11:15:48', '54533.4', '2022-07-31 05:04:16', '2022-07-31 05:04:16', 'IN55555IND'),
(533, 5, '2021-11-16', 'IN55555IND16/11/2021BR102020LS3-IND50-14:12:05', 'Sell', '18098.75', '17433.45', '656.58', '₹ 3,939,499.65', '₹ 160,105,236.00', '₹ 164,044,735.65', '14:12:05', '54296.25', '2022-07-31 05:04:16', '2022-07-31 05:04:16', 'IN55555IND'),
(534, 5, '2021-12-03', 'IN55555IND03/12/2021BR102020LS3-IND50-12:54:03', 'Sell', '17348.85', '17045.65', '294.68', '₹ 1,768,063.05', '₹ 164,044,735.65', '₹ 165,812,798.70', '12:54:03', '52046.55', '2022-07-31 05:04:16', '2022-07-31 05:04:16', 'IN55555IND'),
(535, 5, '2021-12-07', 'IN55555IND07/12/2021BR102020LS3-IND50-00:00:00', 'Buy', '17125.55', '17228.35', '94.19', '₹ 565,114.95', '₹ 165,812,798.70', '₹ 166,377,913.65', '0:00:00', '51685.05', '2022-07-31 05:04:16', '2022-07-31 05:04:16', 'IN55555IND'),
(536, 5, '2021-12-08', 'IN55555IND08/12/2021BR102020LS3-IND50-09:15:54', 'Buy', '17352.45', '17487.85', '126.66', '₹ 759,936.45', '₹ 166,377,913.65', '₹ 167,137,850.10', '9:15:54', '52463.55', '2022-07-31 05:04:16', '2022-07-31 05:04:16', 'IN55555IND'),
(537, 5, '2021-12-09', 'IN55555IND09/12/2021BR102020LS3-IND50-10:51:15', 'Buy', '17465.55', '17519.75', '45.44', '₹ 272,640.75', '₹ 167,137,850.10', '₹ 167,410,490.85', '10:51:15', '52559.25', '2022-07-31 05:04:16', '2022-07-31 05:04:16', 'IN55555IND'),
(538, 5, '2021-12-10', 'IN55555IND10/12/2021BR102020LS3-IND50-10:16:32', 'Buy', '17470.35', '17505.4', '26.30', '₹ 157,783.80', '₹ 167,410,490.85', '₹ 167,568,274.65', '10:16:32', '52516.2', '2022-07-31 05:04:16', '2022-07-31 05:04:16', 'IN55555IND'),
(539, 5, '2021-12-10', 'IN55555IND10/12/2021BR102020LS3-IND50-00:00:00', 'Sell', '17505.4', '17455.65', '41.02', '₹ 246,133.05', '₹ 167,568,274.65', '₹ 167,814,407.70', '0:00:00', '52516.2', '2022-07-31 05:04:16', '2022-07-31 05:04:16', 'IN55555IND'),
(540, 5, '2021-12-10', 'IN55555IND10/12/2021BR102020LS3-IND50-14:09:10', 'Buy', '17503.35', '17614.85', '102.69', '₹ 616,155.45', '₹ 167,814,407.70', '₹ 168,430,563.15', '14:09:10', '52844.55', '2022-07-31 05:04:16', '2022-07-31 05:04:16', 'IN55555IND'),
(541, 5, '2021-12-13', 'IN55555IND13/12/2021BR102020LS3-IND50-12:39:05', 'Sell', '17503.35', '17351.65', '143.02', '₹ 858,145.05', '₹ 168,430,563.15', '₹ 169,288,708.20', '12:39:05', '52510.05', '2022-07-31 05:04:16', '2022-07-31 05:04:16', 'IN55555IND'),
(542, 5, '2021-12-15', 'IN55555IND15/12/2021BR102020LS3-IND50-00:00:00', 'Buy', '17331.85', '17304.3', '-36.20', '₹ -217,212.90', '₹ 169,288,708.20', '₹ 169,071,495.30', '0:00:00', '51995.55', '2022-07-31 05:04:16', '2022-07-31 05:04:16', 'IN55555IND'),
(543, 5, '2021-12-15', 'IN55555IND15/12/2021BR102020LS3-IND50-09:38:46', 'Sell', '17303.85', '17286.85', '8.36', '₹ 50,139.45', '₹ 169,071,495.30', '₹ 169,121,634.75', '9:38:46', '51911.55', '2022-07-31 05:04:16', '2022-07-31 05:04:16', 'IN55555IND'),
(544, 5, '2021-12-15', 'IN55555IND15/12/2021BR102020LS3-IND50-14:36:44', 'Buy', '17321.45', '17300.45', '-29.65', '₹ -177,901.35', '₹ 169,121,634.75', '₹ 168,943,733.40', '14:36:44', '51964.35', '2022-07-31 05:04:16', '2022-07-31 05:04:16', 'IN55555IND'),
(545, 5, '2021-12-15', 'IN55555IND15/12/2021BR102020LS3-IND50-00:00:00', 'Sell', '17270.75', '17371.95', '-109.89', '₹ -659,315.85', '₹ 168,943,733.40', '₹ 168,284,417.55', '0:00:00', '52115.85', '2022-07-31 05:04:16', '2022-07-31 05:04:16', 'IN55555IND'),
(546, 5, '2021-12-16', 'IN55555IND16/12/2021BR102020LS3-IND50-09:30:45', 'Sell', '17349.85', '17291.65', '49.55', '₹ 297,325.05', '₹ 168,284,417.55', '₹ 168,581,742.60', '9:30:45', '52049.55', '2022-07-31 05:04:16', '2022-07-31 05:04:16', 'IN55555IND'),
(547, 5, '2021-12-16', 'IN55555IND16/12/2021BR102020LS3-IND50-00:00:00', 'Buy', '17291.85', '17288.35', '-12.14', '₹ -72,865.05', '₹ 168,581,742.60', '₹ 168,508,877.55', '0:00:00', '51875.55', '2022-07-31 05:04:16', '2022-07-31 05:04:16', 'IN55555IND'),
(548, 5, '2021-12-16', 'IN55555IND16/12/2021BR102020LS3-IND50-12:56:58', 'Buy', '17308.65', '17303.45', '-13.85', '₹ -83,110.35', '₹ 168,508,877.55', '₹ 168,425,767.20', '12:56:58', '51925.95', '2022-07-31 05:04:16', '2022-07-31 05:04:16', 'IN55555IND'),
(549, 5, '2021-12-16', 'IN55555IND16/12/2021BR102020LS3-IND50-00:00:00', 'Sell', '17309.85', '17314.95', '-13.76', '₹ -82,544.85', '₹ 168,425,767.20', '₹ 168,343,222.35', '0:00:00', '51944.85', '2022-07-31 05:04:16', '2022-07-31 05:04:16', 'IN55555IND'),
(550, 5, '2021-12-17', 'IN55555IND17/12/2021BR102020LS3-IND50-09:35:05', 'Sell', '17190.05', '16510.65', '671.14', '₹ 4,026,868.05', '₹ 168,343,222.35', '₹ 172,370,090.40', '9:35:05', '51570.15', '2022-07-31 05:04:16', '2022-07-31 05:04:16', 'IN55555IND'),
(551, 5, '2021-12-21', 'IN55555IND21/12/2021BR102020LS3-IND50-12:06:15', 'Buy', '16942.55', '16910.35', '-40.66', '₹ -243,931.05', '₹ 172,370,090.40', '₹ 172,126,159.35', '12:06:15', '50827.65', '2022-07-31 05:04:16', '2022-07-31 05:04:16', 'IN55555IND'),
(552, 5, '2021-12-22', 'IN55555IND22/12/2021BR102020LS3-IND50-00:27:06', 'Buy', '16884.95', '16872.7', '-20.69', '₹ -124,118.10', '₹ 172,126,159.35', '₹ 172,002,041.25', '0:27:06', '50654.85', '2022-07-31 05:04:16', '2022-07-31 05:04:16', 'IN55555IND'),
(553, 5, '2021-12-22', 'IN55555IND22/12/2021BR102020LS3-IND50-11:54:02', 'Buy', '16901.8', '16882.75', '-27.49', '₹ -164,948.25', '₹ 172,002,041.25', '₹ 171,837,093.00', '11:54:02', '50705.4', '2022-07-31 05:04:16', '2022-07-31 05:04:16', 'IN55555IND'),
(554, 5, '2021-12-22', 'IN55555IND22/12/2021BR102020LS3-IND50-14:24:40', 'Buy', '16915.45', '17068.65', '144.67', '₹ 867,994.05', '₹ 171,837,093.00', '₹ 172,705,087.05', '14:24:40', '51205.95', '2022-07-31 05:04:16', '2022-07-31 05:04:16', 'IN55555IND'),
(555, 5, '2021-12-24', 'IN55555IND24/12/2021BR102020LS3-IND50-00:00:00', 'Buy', '17080.55', '17054.75', '-34.33', '₹ -205,964.25', '₹ 172,705,087.05', '₹ 172,499,122.80', '0:00:00', '51241.65', '2022-07-31 05:04:16', '2022-07-31 05:04:16', 'IN55555IND'),
(556, 5, '2021-12-24', 'IN55555IND24/12/2021BR102020LS3-IND50-09:39:18', 'Sell', '17046.35', '16965.55', '72.32', '₹ 433,903.35', '₹ 172,499,122.80', '₹ 172,933,026.15', '9:39:18', '51139.05', '2022-07-31 05:04:16', '2022-07-31 05:04:16', 'IN55555IND'),
(557, 5, '2021-12-24', 'IN55555IND24/12/2021BR102020LS3-IND50-00:00:00', 'Sell', '16969.5', '16984.75', '-23.74', '₹ -142,454.25', '₹ 172,933,026.15', '₹ 172,790,571.90', '0:00:00', '50954.25', '2022-07-31 05:04:16', '2022-07-31 05:04:16', 'IN55555IND'),
(558, 5, '2021-12-27', 'IN55555IND27/12/2021BR102020LS3-IND50-00:00:00', 'Buy', '17005.55', '17198.45', '184.30', '₹ 1,105,804.65', '₹ 172,790,571.90', '₹ 173,896,376.55', '0:00:00', '51595.35', '2022-07-31 05:04:16', '2022-07-31 05:04:16', 'IN55555IND'),
(559, 5, '2021-12-29', 'IN55555IND44559BR102020LS3-IND50-15:03:00', 'Buy', '17223.95', '17218.65', '-13.91', '₹ -83,455.95', '₹ 173,896,376.55', '₹ 173,812,920.60', '15:03:00', '51671.85', '2022-07-31 05:04:16', '2022-07-31 05:04:16', 'IN55555IND'),
(560, 5, '2021-12-29', 'IN55555IND44559BR102020LS3-IND50-00:00:00', 'Sell', '17216.45', '17235.3', '-27.47', '₹ -164,805.90', '₹ 173,812,920.60', '₹ 173,648,114.70', '0:00:00', '51705.9', '2022-07-31 05:04:16', '2022-07-31 05:04:16', 'IN55555IND'),
(561, 5, '2021-12-29', 'IN55555IND44559BR102020LS3-IND50-14:15:20', 'Buy', '12248.6', '12231.15', '-23.57', '₹ -141,393.45', '₹ 173,648,114.70', '₹ 173,506,721.25', '14:15:20', '36745.8', '2022-07-31 05:04:16', '2022-07-31 05:04:16', 'IN55555IND'),
(562, 5, '2021-12-30', 'IN55555IND30/12/2021BR102020LS3-IND50-10:12:00', 'Buy', '17237.95', '17219.55', '-27.01', '₹ -162,058.65', '₹ 173,506,721.25', '₹ 173,344,662.60', '10:12:00', '51713.85', '2022-07-31 05:04:16', '2022-07-31 05:04:16', 'IN55555IND'),
(563, 5, '2022-01-03', 'IN55555IND03/01/2022BR102020LS3-IND50-10:00:03', 'Buy', '17523.85', '17826.75', '293.99', '₹ 1,763,919.75', '₹ 173,344,662.60', '₹ 175,108,582.35', '10:00:03', '53480.25', '2022-07-31 05:04:16', '2022-07-31 05:04:16', 'IN55555IND'),
(564, 5, '2022-01-06', 'IN55555IND06/01/2022BR102020LS3-IND50-09:21:44', 'Sell', '17824.75', '17763.55', '52.32', '₹ 313,909.35', '₹ 175,108,582.35', '₹ 175,422,491.70', '9:21:44', '53474.25', '2022-07-31 05:04:16', '2022-07-31 05:04:16', 'IN55555IND'),
(565, 5, '2022-01-06', 'IN55555IND44567BR102020LS3-IND50-00:00:00', 'Buy', '17763.45', '17758.6', '-13.73', '₹ -82,375.80', '₹ 175,422,491.70', '₹ 175,340,115.90', '0:00:00', '53290.35', '2022-07-31 05:04:17', '2022-07-31 05:04:17', 'IN55555IND'),
(566, 5, '2022-01-06', 'IN55555IND44567BR102020LS3-IND50-00:00:00', 'Sell', '17758.6', '17736.45', '13.28', '₹ 79,690.65', '₹ 175,340,115.90', '₹ 175,419,806.55', '0:00:00', '53275.8', '2022-07-31 05:04:17', '2022-07-31 05:04:17', 'IN55555IND'),
(567, 5, '2022-01-06', 'IN55555IND06/01/2022BR102020LS3-IND50-12:45:14', 'Buy', '17736.55', '17843.4', '97.93', '₹ 587,569.80', '₹ 175,419,806.55', '₹ 176,007,376.35', '12:45:14', '53530.2', '2022-07-31 05:04:17', '2022-07-31 05:04:17', 'IN55555IND'),
(568, 5, '2022-01-07', 'IN55555IND07/01/2022BR102020LS3-IND50-13:15:12', 'Buy', '17816.95', '17804.9', '-20.95', '₹ -125,714.70', '₹ 176,007,376.35', '₹ 175,881,661.65', '13:15:12', '53450.85', '2022-07-31 05:04:17', '2022-07-31 05:04:17', 'IN55555IND'),
(569, 5, '2022-01-14', 'IN55555IND14/01/2022BR102020LS3-IND50-00:00:00', 'Sell', '18233.3', '18239.55', '-15.37', '₹ -92,218.65', '₹ 175,881,661.65', '₹ 175,789,443.00', '0:00:00', '54718.65', '2022-07-31 05:04:17', '2022-07-31 05:04:17', 'IN55555IND'),
(570, 5, '2022-01-14', 'IN55555IND14/01/2022BR102020LS3-IND50-00:00:00', 'Buy', '18244.65', '18295.55', '41.75', '₹ 250,513.35', '₹ 175,789,443.00', '₹ 176,039,956.35', '0:00:00', '54886.65', '2022-07-31 05:04:17', '2022-07-31 05:04:17', 'IN55555IND'),
(571, 5, '2022-01-18', 'IN55555IND18/01/2022BR102020LS3-IND50-00:00:00', 'Buy', '18222.8', '18294.4', '62.45', '₹ 374,716.80', '₹ 176,039,956.35', '₹ 176,414,673.15', '0:00:00', '54883.2', '2022-07-31 05:04:17', '2022-07-31 05:04:17', 'IN55555IND'),
(572, 5, '2022-01-18', 'IN55555IND18/01/2022BR102020LS3-IND50-00:00:00', 'Sell', '18297.65', '18045.65', '242.98', '₹ 1,457,863.05', '₹ 176,414,673.15', '₹ 177,872,536.20', '0:00:00', '54892.95', '2022-07-31 05:04:17', '2022-07-31 05:04:17', 'IN55555IND'),
(573, 5, '2022-01-19', 'IN55555IND19/01/2022BR102020LS3-IND50-00:00:00', 'Buy', '18045.65', '18043.55', '-11.12', '₹ -66,730.65', '₹ 177,872,536.20', '₹ 177,805,805.55', '0:00:00', '54136.95', '2022-07-31 05:04:17', '2022-07-31 05:04:17', 'IN55555IND'),
(574, 5, '2022-01-19', 'IN55555IND19/01/2022BR102020LS3-IND50-00:00:00', 'Sell', '18043.5', '17922.75', '111.79', '₹ 670,731.75', '₹ 177,805,805.55', '₹ 178,476,537.30', '0:00:00', '54130.5', '2022-07-31 05:04:17', '2022-07-31 05:04:17', 'IN55555IND'),
(575, 5, '2022-01-19', 'IN55555IND19/01/2022BR102020LS3-IND50-00:00:00', 'Buy', '17927.65', '17912.55', '-24.06', '₹ -144,337.65', '₹ 178,476,537.30', '₹ 178,332,199.65', '0:00:00', '53782.95', '2022-07-31 05:04:17', '2022-07-31 05:04:17', 'IN55555IND'),
(576, 5, '2022-01-20', 'IN55555IND20/01/2022BR102020LS3-IND50-00:00:00', 'Sell', '17883.55', '17786.95', '87.71', '₹ 526,239.15', '₹ 178,332,199.65', '₹ 178,858,438.80', '0:00:00', '', '2022-07-31 05:04:17', '2022-07-31 05:04:17', 'IN55555IND'),
(577, 5, '2022-02-03', 'IN55555IND03/02/2022BR102020LS3-IND50-14:09:57', 'Sell', '17622.45', '17133.65', '480.23', '₹ 2,881,399.05', '₹ 178,858,438.80', '₹ 181,739,837.85', '14:09:57', '', '2022-07-31 05:04:17', '2022-07-31 05:04:17', 'IN55555IND'),
(578, 5, '2022-02-08', 'IN55555IND08/02/2022BR102020LS3-IND50-12:36:12', 'Buy', '17242.7', '17193.45', '-57.846725', '₹ -347,080.35', '₹ 181,739,837.85', '₹ 181,392,757.50', '12:36:12', '', '2022-07-31 05:04:17', '2022-07-31 05:04:17', 'IN55555IND'),
(579, 5, '2022-02-08', 'IN55555IND08/02/2022BR102020LS3-IND50-13:54:06', 'Sell', '17198.3', '17210.15', '-20.455075000002', '₹ -122,730.45', '₹ 181,392,757.50', '₹ 181,270,027.05', '13:54:06', '', '2022-07-31 05:04:17', '2022-07-31 05:04:17', 'IN55555IND'),
(580, 5, '2022-02-08', 'IN55555IND08/02/2022BR102020LS3-IND50-14:58:12', 'Buy', '17223.85', '17460.55', '227.97', '₹ 1,367,818.35', '₹ 181,270,027.05', '₹ 182,637,845.40', '14:58:12', '', '2022-07-31 05:04:17', '2022-07-31 05:04:17', 'IN55555IND'),
(581, 5, '2022-02-09', 'IN55555IND09/02/2022BR102020LS3-IND50-00:00:00', 'Buy', '17460', '17423.65', '-45.061824999999', '₹ -270,370.95', '₹ 182,637,845.40', '₹ 182,367,474.45', '0:00:00', '', '2022-07-31 05:04:17', '2022-07-31 05:04:17', 'IN55555IND'),
(582, 5, '2022-02-11', 'IN55555IND11/02/2022BR102020LS3-IND50-00:00:00', 'Buy', '17314.55', '17333.4', '10.183300000002', '₹ 61,099.80', '₹ 182,367,474.45', '₹ 182,428,574.25', '0:00:00', '', '2022-07-31 05:04:17', '2022-07-31 05:04:17', 'IN55555IND'),
(583, 5, '2022-02-15', 'IN55555IND15/02/2022BR102020LS3-IND50-00:00:00', 'Buy', '17112.25', '17339.7', '218.78015', '₹ 1,312,680.90', '₹ 182,428,574.25', '₹ 183,741,255.15', '0:00:00', '', '2022-07-31 05:04:17', '2022-07-31 05:04:17', 'IN55555IND'),
(584, 5, '2022-02-17', 'IN55555IND17/02/2022BR102020LS3-IND50-00:00:00', 'Sell', '17364.9', '17360.55', '-4.3302749999978', '₹ -25,981.65', '₹ 183,741,255.15', '₹ 183,715,273.50', '0:00:00', '', '2022-07-31 05:04:17', '2022-07-31 05:04:17', 'IN55555IND'),
(585, 5, '2022-02-18', 'IN55555IND18/02/2022BR102020LS3-IND50-00:00:00', 'Buy', '17360.55', '17308.75', '-60.454374999999', '₹ -362,726.25', '₹ 183,715,273.50', '₹ 183,352,547.25', '0:00:00', '', '2022-07-31 05:04:17', '2022-07-31 05:04:17', 'IN55555IND'),
(586, 5, '2022-02-21', 'IN55555IND21/02/2022BR102020LS3-IND50-14:06:16', 'Sell', '17276.5', '17203.4', '64.498299999999', '₹ 386,989.80', '₹ 183,352,547.25', '₹ 183,739,537.05', '14:06:16', '', '2022-07-31 05:04:17', '2022-07-31 05:04:17', 'IN55555IND'),
(587, 5, '2022-02-23', 'IN55555IND23/02/2022BR102020LS3-IND50-20:35:13', 'Sell', '17055.7', '16611.3', '436.09435', '₹ 2,616,566.10', '₹ 183,739,537.05', '₹ 186,356,103.15', '20:35:13', '', '2022-07-31 05:04:17', '2022-07-31 05:04:17', 'IN55555IND'),
(588, 5, '2022-02-28', 'IN55555IND28/02/2022BR102020LS3-IND50-10:35:15', 'Buy', '16502.3', '16667.8', '157.1661', '₹ 942,996.60', '₹ 186,356,103.15', '₹ 187,299,099.75', '10:35:15', '', '2022-07-31 05:04:17', '2022-07-31 05:04:17', 'IN55555IND'),
(589, 5, '2022-03-03', 'IN55555IND03/03/2022BR102020LS3-IND50-12:44:59', 'Buy', '16557.9', '16522.3', '-43.861150000002', '₹ -263,166.90', '₹ 187,299,099.75', '₹ 187,035,932.85', '12:44:59', '', '2022-07-31 05:04:17', '2022-07-31 05:04:17', 'IN55555IND'),
(590, 5, '2022-03-03', 'IN55555IND03/03/2022BR102020LS3-IND50-00:00:00', 'Sell', '16521.1', '16561.15', '-48.330575000003', '₹ -289,983.45', '₹ 187,035,932.85', '₹ 186,745,949.40', '0:00:00', '', '2022-07-31 05:04:17', '2022-07-31 05:04:17', 'IN55555IND'),
(591, 5, '2022-03-03', 'IN55555IND03/03/2022BR102020LS3-IND50-00:00:00', 'Sell', '16520.55', '16535.6', '-23.317799999999', '₹ -139,906.80', '₹ 186,745,949.40', '₹ 186,606,042.60', '0:00:00', '', '2022-07-31 05:04:17', '2022-07-31 05:04:17', 'IN55555IND'),
(592, 5, '2022-03-03', 'IN55555IND03/03/2022BR102020LS3-IND50-21:01:15', 'Sell', '16468.55', '16474.4', '-14.087200000002', '₹ -84,523.20', '₹ 186,606,042.60', '₹ 186,521,519.40', '21:01:15', '', '2022-07-31 05:04:17', '2022-07-31 05:04:17', 'IN55555IND'),
(593, 5, '2022-03-09', 'IN55555IND09/03/2022BR102020LS3-IND50-12:15:18', 'Buy', '16197.2', '16369.6', '164.2152', '₹ 985,291.20', '₹ 186,521,519.40', '₹ 187,506,810.60', '12:15:18', '', '2022-07-31 05:04:17', '2022-07-31 05:04:17', 'IN55555IND'),
(594, 5, '2022-03-15', 'IN55555IND15/03/2022BR102020LS3-IND50-13:55:10', 'Sell', '16652.9', '16710.15', '-65.605075', '₹ -393,630.45', '₹ 187,506,810.60', '₹ 187,113,180.15', '13:55:10', '', '2022-07-31 05:04:17', '2022-07-31 05:04:17', 'IN55555IND'),
(595, 5, '2022-03-16', 'IN55555IND16/03/2022BR102020LS3-IND50-14:35:15', 'Buy', '16952.55', '17117.2', '156.0914', '₹ 936,548.40', '₹ 187,113,180.15', '₹ 188,049,728.55', '14:35:15', '', '2022-07-31 05:04:17', '2022-07-31 05:04:17', 'IN55555IND'),
(596, 5, '2022-03-17', 'IN55555IND17/03/2022BR102020LS3-IND50-00:00:00', 'Buy', '17245.4', '17237.9', '-16.11895', '₹ -96,713.70', '₹ 188,049,728.55', '₹ 187,953,014.85', '0:00:00', '', '2022-07-31 05:04:17', '2022-07-31 05:04:17', 'IN55555IND'),
(597, 5, '2022-03-21', 'IN55555IND21/03/2022BR102020LS3-IND50-00:00:00', 'Sell', '17185.55', '17089.65', '87.355174999998', '₹ 524,131.05', '₹ 187,953,014.85', '₹ 188,477,145.90', '0:00:00', '', '2022-07-31 05:04:17', '2022-07-31 05:04:17', 'IN55555IND'),
(598, 5, '2022-03-22', 'IN55555IND22/03/2022BR102020LS3-IND50-00:00:00', 'Buy', '17095.9', '17285.6', '181.0572', '₹ 1,086,343.20', '₹ 188,477,145.90', '₹ 189,563,489.10', '0:00:00', '', '2022-07-31 05:04:17', '2022-07-31 05:04:17', 'IN55555IND'),
(599, 5, '2022-04-06', 'IN55555IND06/04/2022BR102020LS3-IND50-00:00:00', 'Sell', '17918.35', '17950.65', '-41.275325000003', '₹ -247,651.95', '₹ 189,563,489.10', '₹ 189,315,837.15', '0:00:00', '', '2022-07-31 05:04:17', '2022-07-31 05:04:17', 'IN55555IND'),
(600, 5, '2022-04-06', 'IN55555IND06/04/2022BR102020LS3-IND50-00:00:00', 'Buy', '17875.3', '17864.55', '-19.682275', '₹ -118,093.65', '₹ 189,315,837.15', '₹ 189,197,743.50', '0:00:00', '', '2022-07-31 05:04:17', '2022-07-31 05:04:17', 'IN55555IND'),
(601, 5, '2022-04-07', 'IN55555IND07/04/2022BR102020LS3-IND50-00:00:00', 'Sell', '17799.55', '17764.6', '26.067700000001', '₹ 156,406.20', '₹ 189,197,743.50', '₹ 189,354,149.70', '0:00:00', '', '2022-07-31 05:04:17', '2022-07-31 05:04:17', 'IN55555IND'),
(602, 5, '2022-04-08', 'IN55555IND08/04/2022BR102020LS3-IND50-13:35:30', 'Buy', '17833.75', '17847.9', '5.2260500000015', '₹ 31,356.30', '₹ 189,354,149.70', '₹ 189,385,506.00', '13:35:30', '', '2022-07-31 05:04:17', '2022-07-31 05:04:17', 'IN55555IND'),
(603, 5, '2022-04-11', 'IN55555IND11/04/2022BR102020LS3-IND50-07:05:10', 'Sell', '17847.9', '17758.6', '80.420700000003', '₹ 482,524.20', '₹ 189,385,506.00', '₹ 189,868,030.20', '7:05:10', '', '2022-07-31 05:04:17', '2022-07-31 05:04:17', 'IN55555IND'),
(604, 5, '2022-04-11', 'IN55555IND11/04/2022BR102020LS3-IND50-14:15:20', 'Sell', '17767.8', '17565.25', '193.767375', '₹ 1,162,604.25', '₹ 189,868,030.20', '₹ 191,030,634.45', '14:15:20', '', '2022-07-31 05:04:17', '2022-07-31 05:04:17', 'IN55555IND'),
(605, 6, '2021-12-21', 'IN20221IND21/12/2021AB012022LS1-IND50-00:00:00', 'Buy', '16942.55', '16910.35', '-40.66', '₹ -40,655.18', '₹ 10,000,000.00', '₹ 9,959,344.83', '0:00:00', '  8,471.28 ', '2022-07-31 05:04:17', '2022-07-31 05:04:17', 'IN20221IND'),
(606, 6, '2021-12-22', 'IN20221IND22/12/2021AB012022LS1-IND50-00:00:00', 'Buy', '16884.95', '16872.7', '-20.69', '₹ -20,686.35', '₹ 9,959,344.83', '₹ 9,938,658.48', '0:00:00', '  8,442.48 ', '2022-07-31 05:04:17', '2022-07-31 05:04:17', 'IN20221IND'),
(607, 6, '2021-12-22', 'IN20221IND22/12/2021AB012022LS1-IND50-00:00:00', 'Buy', '16901.8', '16882.75', '-27.49', '₹ -27,491.37', '₹ 9,938,658.48', '₹ 9,911,167.10', '0:00:00', '  8,450.90 ', '2022-07-31 05:04:17', '2022-07-31 05:04:17', 'IN20221IND'),
(608, 6, '2021-12-22', 'IN20221IND22/12/2021AB012022LS1-IND50-00:00:00', 'Buy', '16915.45', '17068.65', '144.67', '₹ 144,665.68', '₹ 9,911,167.10', '₹ 10,055,832.78', '0:00:00', '  8,534.33 ', '2022-07-31 05:04:17', '2022-07-31 05:04:17', 'IN20221IND'),
(609, 6, '2021-12-24', 'IN20221IND24/12/2021AB012022LS1-IND50-00:00:00', 'Buy', '17080.55', '17054.75', '-34.33', '₹ -34,327.37', '₹ 10,055,832.78', '₹ 10,021,505.40', '0:00:00', '  8,540.28 ', '2022-07-31 05:04:17', '2022-07-31 05:04:17', 'IN20221IND'),
(610, 6, '2021-12-24', 'IN20221IND24/12/2021AB012022LS1-IND50-00:00:00', 'Sell', '17046.35', '16965.55', '72.32', '₹ 72,317.22', '₹ 10,021,505.40', '₹ 10,093,822.63', '0:00:00', '  8,523.18 ', '2022-07-31 05:04:17', '2022-07-31 05:04:17', 'IN20221IND'),
(611, 6, '2021-12-24', 'IN20221IND24/12/2021AB012022LS1-IND50-00:00:00', 'Sell', '16969.5', '16984.75', '-23.74', '₹ -23,742.38', '₹ 10,093,822.63', '₹ 10,070,080.25', '0:00:00', '  8,492.38 ', '2022-07-31 05:04:17', '2022-07-31 05:04:17', 'IN20221IND'),
(612, 6, '2021-12-29', 'IN20221IND44559AB012022LS1-IND50-15:03:00', 'Buy', '17223.95', '17218.65', '-13.91', '₹ -13,909.32', '₹ 10,070,080.25', '₹ 10,056,170.93', '15:03:00', '  8,611.98 ', '2022-07-31 05:04:17', '2022-07-31 05:04:17', 'IN20221IND');
INSERT INTO `stock_assignments` (`id`, `member_id`, `date`, `trade_id`, `position`, `stock_entry`, `stock_exit`, `net_exit`, `amount`, `opening_balance`, `closing_balance`, `time`, `brokrage`, `created_at`, `updated_at`, `member_code`) VALUES
(613, 6, '2021-12-29', 'IN20221IND44559AB012022LS1-IND50-00:00:00', 'Sell', '17216.45', '17235.3', '-27.47', '₹ -27,467.65', '₹ 10,056,170.93', '₹ 10,028,703.28', '0:00:00', '  8,617.65 ', '2022-07-31 05:04:17', '2022-07-31 05:04:17', 'IN20221IND'),
(614, 6, '2021-12-29', 'IN20221IND44559AB012022LS1-IND50-14:15:20', 'Buy', '12248.6', '12231.15', '-23.57', '₹ -23,565.58', '₹ 10,028,703.28', '₹ 10,005,137.70', '14:15:20', '  6,124.30 ', '2022-07-31 05:04:17', '2022-07-31 05:04:17', 'IN20221IND'),
(615, 6, '2021-12-30', 'IN20221IND30/12/2021AB012022LS1-IND50-10:12:00', 'Buy', '17237.95', '17219.55', '-27.01', '₹ -27,009.78', '₹ 10,005,137.70', '₹ 9,978,127.93', '10:12:00', '  8,618.98 ', '2022-07-31 05:04:17', '2022-07-31 05:04:17', 'IN20221IND'),
(616, 6, '2022-01-06', 'IN20221IND06/01/2022AB012022LS1-IND50-09:21:44', 'Sell', '17824.75', '17763.55', '52.32', '₹ 52,318.23', '₹ 9,978,127.93', '₹ 10,030,446.15', '9:21:44', '  8,912.38 ', '2022-07-31 05:04:17', '2022-07-31 05:04:17', 'IN20221IND'),
(617, 6, '2022-01-06', 'IN20221IND44567AB012022LS1-IND50-00:00:00', 'Buy', '17763.45', '17758.6', '-13.73', '₹ -13,729.30', '₹ 10,030,446.15', '₹ 10,016,716.85', '0:00:00', '  8,881.73 ', '2022-07-31 05:04:17', '2022-07-31 05:04:17', 'IN20221IND'),
(618, 6, '2022-01-06', 'IN20221IND44567AB012022LS1-IND50-00:00:00', 'Sell', '17758.6', '17736.45', '13.28', '₹ 13,281.77', '₹ 10,016,716.85', '₹ 10,029,998.63', '0:00:00', '  8,879.30 ', '2022-07-31 05:04:17', '2022-07-31 05:04:17', 'IN20221IND'),
(619, 6, '2022-01-06', 'IN20221IND06/01/2022AB012022LS1-IND50-12:45:14', 'Buy', '17736.55', '17843.4', '97.93', '₹ 97,928.30', '₹ 10,029,998.63', '₹ 10,127,926.93', '12:45:14', '  8,921.70 ', '2022-07-31 05:04:17', '2022-07-31 05:04:17', 'IN20221IND'),
(620, 6, '2022-01-07', 'IN20221IND07/01/2022AB012022LS1-IND50-13:15:12', 'Buy', '17816.95', '17804.9', '-20.95', '₹ -20,952.45', '₹ 10,127,926.93', '₹ 10,106,974.48', '13:15:12', '  8,908.48 ', '2022-07-31 05:04:17', '2022-07-31 05:04:17', 'IN20221IND'),
(621, 6, '2022-01-14', 'IN20221IND14/01/2022AB012022LS1-IND50-00:00:00', 'Sell', '18233.3', '18239.55', '-15.37', '₹ -15,369.78', '₹ 10,106,974.48', '₹ 10,091,604.70', '0:00:00', '  9,119.78 ', '2022-07-31 05:04:17', '2022-07-31 05:04:17', 'IN20221IND'),
(622, 6, '2022-01-14', 'IN20221IND14/01/2022AB012022LS1-IND50-00:00:00', 'Buy', '18244.65', '18295.55', '41.75', '₹ 41,752.22', '₹ 10,091,604.70', '₹ 10,133,356.93', '0:00:00', '  9,147.78 ', '2022-07-31 05:04:17', '2022-07-31 05:04:17', 'IN20221IND'),
(623, 6, '2022-01-18', 'IN20221IND18/01/2022AB012022LS1-IND50-00:00:00', 'Buy', '18222.8', '18294.4', '62.45', '₹ 62,452.80', '₹ 10,133,356.93', '₹ 10,195,809.73', '0:00:00', '  9,147.20 ', '2022-07-31 05:04:17', '2022-07-31 05:04:17', 'IN20221IND'),
(624, 6, '2022-01-19', 'IN20221IND19/01/2022AB012022LS1-IND50-00:00:00', 'Buy', '18045.65', '18043.55', '-11.12', '₹ -11,121.78', '₹ 10,195,809.73', '₹ 10,184,687.95', '0:00:00', '  9,022.83 ', '2022-07-31 05:04:17', '2022-07-31 05:04:17', 'IN20221IND'),
(625, 6, '2022-01-19', 'IN20221IND19/01/2022AB012022LS1-IND50-00:00:00', 'Sell', '18043.5', '17922.75', '111.79', '₹ 111,788.63', '₹ 10,184,687.95', '₹ 10,296,476.58', '0:00:00', '  9,021.75 ', '2022-07-31 05:04:17', '2022-07-31 05:04:17', 'IN20221IND'),
(626, 6, '2022-01-19', 'IN20221IND19/01/2022AB012022LS1-IND50-00:00:00', 'Buy', '17927.65', '17912.55', '-24.06', '₹ -24,056.28', '₹ 10,296,476.58', '₹ 10,272,420.30', '0:00:00', '  8,963.83 ', '2022-07-31 05:04:17', '2022-07-31 05:04:17', 'IN20221IND'),
(627, 6, '2022-01-20', 'IN20221IND20/01/2022AB012022LS1-IND50-00:00:00', 'Sell', '17883.55', '17786.95', '87.71', '₹ 87,706.52', '₹ 10,272,420.30', '₹ 10,360,126.83', '0:00:00', '  8,941.78 ', '2022-07-31 05:04:17', '2022-07-31 05:04:17', 'IN20221IND'),
(628, 6, '2022-02-03', 'IN20221IND03/02/2022AB012022LS1-IND50-14:09:57', 'Sell', '17622.45', '17133.65', '480.23', '₹ 480,233.17', '₹ 10,360,126.83', '₹ 10,840,360.00', '14:09:57', '  8,811.23 ', '2022-07-31 05:04:17', '2022-07-31 05:04:17', 'IN20221IND'),
(629, 6, '2022-02-08', 'IN20221IND08/02/2022AB012022LS1-IND50-12:36:15', 'Buy', '17242.7', '17193.45', '-57.85', '₹ -57,846.73', '₹ 10,840,360.00', '₹ 10,782,513.28', '12:36:15', '  8,621.35 ', '2022-07-31 05:04:17', '2022-07-31 05:04:17', 'IN20221IND'),
(630, 6, '2022-02-08', 'IN20221IND08/02/2022AB012022LS1-IND50-13:54:06', 'Sell', '17198.3', '17210.15', '-20.46', '₹ -20,455.08', '₹ 10,782,513.28', '₹ 10,762,058.20', '13:54:06', '  8,605.08 ', '2022-07-31 05:04:17', '2022-07-31 05:04:17', 'IN20221IND'),
(631, 6, '2022-02-08', 'IN20221IND08/02/2022AB012022LS1-IND50-14:58:13', 'Buy', '17223.85', '17460.55', '227.97', '₹ 227,969.73', '₹ 10,762,058.20', '₹ 10,990,027.93', '14:58:13', '  8,730.28 ', '2022-07-31 05:04:17', '2022-07-31 05:04:17', 'IN20221IND'),
(632, 6, '2022-02-09', 'IN20221IND09/02/2022AB012022LS1-IND50-00:00:00', 'Buy', '17460', '17423.65', '-45.06', '₹ -45,061.82', '₹ 10,990,027.93', '₹ 10,944,966.10', '0:00:00', '  8,730.00 ', '2022-07-31 05:04:17', '2022-07-31 05:04:17', 'IN20221IND'),
(633, 6, '2022-02-11', 'IN20221IND11/02/2022AB012022LS1-IND50-00:00:00', 'Buy', '17314.55', '17333.4', '10.18', '₹ 10,183.30', '₹ 10,944,966.10', '₹ 10,955,149.40', '0:00:00', '  8,666.70 ', '2022-07-31 05:04:17', '2022-07-31 05:04:17', 'IN20221IND'),
(634, 6, '2022-02-15', 'IN20221IND15/02/2022AB012022LS1-IND50-00:00:00', 'Buy', '17112.25', '17339.7', '218.78', '₹ 218,780.15', '₹ 10,955,149.40', '₹ 11,173,929.55', '0:00:00', '  8,669.85 ', '2022-07-31 05:04:17', '2022-07-31 05:04:17', 'IN20221IND'),
(635, 6, '2022-02-17', 'IN20221IND17/02/2022AB012022LS1-IND50-00:00:00', 'Sell', '17364.9', '17360.55', '-4.33', '₹ -4,330.27', '₹ 11,173,929.55', '₹ 11,169,599.28', '0:00:00', '  8,682.45 ', '2022-07-31 05:04:17', '2022-07-31 05:04:17', 'IN20221IND'),
(636, 6, '2022-02-18', 'IN20221IND18/02/2022AB012022LS1-IND50-00:00:00', 'Buy', '17360.55', '17308.75', '-60.45', '₹ -60,454.37', '₹ 11,169,599.28', '₹ 11,109,144.90', '0:00:00', '  8,680.28 ', '2022-07-31 05:04:17', '2022-07-31 05:04:17', 'IN20221IND'),
(637, 6, '2022-02-21', 'IN20221IND21/02/2022AB012022LS1-IND50-14:06:16', 'Sell', '17276.5', '17203.4', '64.50', '₹ 64,498.30', '₹ 11,109,144.90', '₹ 11,173,643.20', '14:06:16', '  8,638.25 ', '2022-07-31 05:04:17', '2022-07-31 05:04:17', 'IN20221IND'),
(638, 6, '2022-03-03', 'IN20221IND03/03/2022AB012022LS1-IND50-12:44:59', 'Buy', '16557.9', '16522.3', '-43.86', '₹ -43,861.15', '₹ 11,173,643.20', '₹ 11,129,782.05', '12:44:59', '  8,278.95 ', '2022-07-31 05:04:17', '2022-07-31 05:04:17', 'IN20221IND'),
(639, 6, '2022-03-03', 'IN20221IND03/03/2022AB012022LS1-IND50-00:00:00', 'Sell', '16521.1', '16561.15', '-48.33', '₹ -48,330.58', '₹ 11,129,782.05', '₹ 11,081,451.48', '0:00:00', '  8,280.58 ', '2022-07-31 05:04:17', '2022-07-31 05:04:17', 'IN20221IND'),
(640, 6, '2022-03-03', 'IN20221IND03/03/2022AB012022LS1-IND50-00:00:00', 'Sell', '16520.55', '16535.6', '-23.32', '₹ -23,317.80', '₹ 11,081,451.48', '₹ 11,058,133.68', '0:00:00', '  8,267.80 ', '2022-07-31 05:04:17', '2022-07-31 05:04:17', 'IN20221IND'),
(641, 6, '2022-03-03', 'IN20221IND03/03/2022AB012022LS1-IND50-21:01:15', 'Sell', '16468.55', '16474.4', '-14.09', '₹ -14,087.20', '₹ 11,058,133.68', '₹ 11,044,046.48', '21:01:15', '  8,237.20 ', '2022-07-31 05:04:17', '2022-07-31 05:04:17', 'IN20221IND'),
(642, 6, '2022-03-09', 'IN20221IND09/03/2022AB012022LS1-IND50-12:15:19', 'Buy', '16197.2', '16369.6', '164.22', '₹ 164,215.20', '₹ 11,044,046.48', '₹ 11,208,261.68', '12:15:19', '  8,184.80 ', '2022-07-31 05:04:17', '2022-07-31 05:04:17', 'IN20221IND'),
(643, 6, '2022-03-15', 'IN20221IND15/03/2022AB012022LS1-IND50-13:55:12', 'Sell', '16652.9', '16710.15', '-65.61', '₹ -65,605.08', '₹ 11,208,261.68', '₹ 11,142,656.60', '13:55:12', '  8,355.08 ', '2022-07-31 05:04:17', '2022-07-31 05:04:17', 'IN20221IND'),
(644, 6, '2022-03-16', 'IN20221IND16/03/2022AB012022LS1-IND50-14:35:15', 'Buy', '16952.55', '17117.2', '156.09', '₹ 156,091.40', '₹ 11,142,656.60', '₹ 11,298,748.00', '14:35:15', '  8,558.60 ', '2022-07-31 05:04:17', '2022-07-31 05:04:17', 'IN20221IND'),
(645, 6, '2022-03-17', 'IN20221IND17/03/2022AB012022LS1-IND50-00:00:00', 'Buy', '17245.4', '17237.9', '-16.12', '₹ -16,118.95', '₹ 11,298,748.00', '₹ 11,282,629.05', '0:00:00', '  8,622.70 ', '2022-07-31 05:04:17', '2022-07-31 05:04:17', 'IN20221IND'),
(646, 6, '2022-03-21', 'IN20221IND21/03/2022AB012022LS1-IND50-00:00:00', 'Sell', '17185.55', '17089.65', '87.36', '₹ 87,355.17', '₹ 11,282,629.05', '₹ 11,369,984.23', '0:00:00', '  8,592.78 ', '2022-07-31 05:04:17', '2022-07-31 05:04:17', 'IN20221IND'),
(647, 6, '2022-03-22', 'IN20221IND22/03/2022AB012022LS1-IND50-00:00:00', 'Buy', '17095.9', '17285.6', '181.06', '₹ 181,057.20', '₹ 11,369,984.23', '₹ 11,551,041.43', '0:00:00', '  8,642.80 ', '2022-07-31 05:04:17', '2022-07-31 05:04:17', 'IN20221IND'),
(648, 6, '2022-04-06', 'IN20221IND06/04/2022AB012022LS1-IND50-00:00:00', 'Sell', '17918.35', '17950.65', '-41.28', '₹ -41,275.33', '₹ 11,551,041.43', '₹ 11,509,766.10', '0:00:00', '  8,975.33 ', '2022-07-31 05:04:17', '2022-07-31 05:04:17', 'IN20221IND'),
(649, 6, '2022-04-06', 'IN20221IND06/04/2022AB012022LS1-IND50-00:00:00', 'Buy', '17875.3', '17864.55', '-19.68', '₹ -19,682.28', '₹ 11,509,766.10', '₹ 11,490,083.83', '0:00:00', '  8,937.65 ', '2022-07-31 05:04:17', '2022-07-31 05:04:17', 'IN20221IND'),
(650, 6, '2022-04-07', 'IN20221IND07/04/2022AB012022LS1-IND50-00:00:00', 'Sell', '17799.55', '17764.6', '26.07', '₹ 26,067.70', '₹ 11,490,083.83', '₹ 11,516,151.53', '0:00:00', '  8,899.78 ', '2022-07-31 05:04:17', '2022-07-31 05:04:17', 'IN20221IND'),
(651, 6, '2022-04-08', 'IN20221IND08/04/2022AB012022LS1-IND50-13:35:30', 'Buy', '17833.75', '17847.9', '5.23', '₹ 5,226.05', '₹ 11,516,151.53', '₹ 11,521,377.58', '13:35:30', '  8,923.95 ', '2022-07-31 05:04:17', '2022-07-31 05:04:17', 'IN20221IND'),
(652, 6, '2022-04-11', 'IN20221IND11/04/2022AB012022LS1-IND50-07:05:10', 'Sell', '17847.9', '17758.6', '80.42', '₹ 80,420.70', '₹ 11,521,377.58', '₹ 11,601,798.28', '7:05:10', '  8,923.95 ', '2022-07-31 05:04:17', '2022-07-31 05:04:17', 'IN20221IND'),
(653, 6, '2022-04-11', 'IN20221IND11/04/2022AB012022LS1-IND50-14:15:20', 'Sell', '17767.8', '17565.25', '193.77', '₹ 193,767.37', '₹ 11,601,798.28', '₹ 11,795,565.65', '14:15:20', '  8,883.90 ', '2022-07-31 05:04:17', '2022-07-31 05:04:17', 'IN20221IND'),
(654, 7, '2022-02-03', 'IN24241IND03/02/2022MP012022LS8-IND50-14:09:58', 'Sell', '17622.45', '17133.65', '480.23', '₹ 528,256.49', '₹ 8,000,000.00', '₹ 8,528,256.49', '14:09:58', '  9,692.35 ', '2022-07-31 05:04:17', '2022-07-31 05:04:17', 'IN24241IND'),
(655, 7, '2022-02-08', 'IN24241IND08/02/2022MP012022LS8-IND50-12:36:16', 'Buy', '17242.7', '17193.45', '-57.85', '₹ -63,631.40', '₹ 8,528,256.49', '₹ 8,464,625.10', '12:36:16', '  9,483.49 ', '2022-07-31 05:04:17', '2022-07-31 05:04:17', 'IN24241IND'),
(656, 7, '2022-02-08', 'IN24241IND08/02/2022MP012022LS8-IND50-13:54:07', 'Sell', '17198.3', '17210.15', '-20.46', '₹ -22,500.58', '₹ 8,464,625.10', '₹ 8,442,124.51', '13:54:07', '  9,465.58 ', '2022-07-31 05:04:17', '2022-07-31 05:04:17', 'IN24241IND'),
(657, 7, '2022-02-08', 'IN24241IND08/02/2022MP012022LS8-IND50-14:58:14', 'Buy', '17223.85', '17460.55', '227.97', '₹ 250,766.70', '₹ 8,442,124.51', '₹ 8,692,891.21', '14:58:14', '  9,603.30 ', '2022-07-31 05:04:17', '2022-07-31 05:04:17', 'IN24241IND'),
(658, 7, '2022-02-09', 'IN24241IND09/02/2022MP012022LS8-IND50-14:32:15', 'Buy', '17460', '17423.65', '-45.061824999999', '₹ -49,568.01', '₹ 8,692,891.21', '₹ 8,643,323.20', '14:32:15', '  9,603.00 ', '2022-07-31 05:04:17', '2022-07-31 05:04:17', 'IN24241IND'),
(659, 7, '2022-02-11', 'IN24241IND11/02/2022MP012022LS8-IND50-11:58:27', 'Buy', '17314.55', '17333.4', '10.183300000002', '₹ 11,201.63', '₹ 8,643,323.20', '₹ 8,654,524.83', '11:58:27', '  9,533.37 ', '2022-07-31 05:04:17', '2022-07-31 05:04:17', 'IN24241IND'),
(660, 7, '2022-02-15', 'IN24241IND15/02/2022MP012022LS8-IND50-00:00:00', 'Buy', '17112.25', '17339.7', '218.78015', '₹ 240,658.17', '₹ 8,654,524.83', '₹ 8,895,183.00', '00:00:00', '  9,536.84 ', '2022-07-31 05:04:17', '2022-07-31 05:04:17', 'IN24241IND'),
(661, 7, '2022-02-17', 'IN24241IND17/02/2022MP012022LS8-IND50-00:00:00', 'Sell', '17364.9', '17360.55', '-4.3302749999978', '₹ -4,763.30', '₹ 8,895,183.00', '₹ 8,890,419.70', '00:00:00', '  9,550.70 ', '2022-07-31 05:04:17', '2022-07-31 05:04:17', 'IN24241IND'),
(662, 7, '2022-02-18', 'IN24241IND18/02/2022MP012022LS8-IND50-00:00:00', 'Buy', '17360.55', '17308.75', '-60.454374999999', '₹ -66,499.81', '₹ 8,890,419.70', '₹ 8,823,919.88', '00:00:00', '  9,548.30 ', '2022-07-31 05:04:17', '2022-07-31 05:04:17', 'IN24241IND'),
(663, 7, '2022-02-21', 'IN24241IND21/02/2022MP012022LS8-IND50-14:06:17', 'Sell', '17276.5', '17203.4', '64.498299999999', '₹ 70,948.13', '₹ 8,823,919.88', '₹ 8,894,868.01', '14:06:17', '  9,502.08 ', '2022-07-31 05:04:17', '2022-07-31 05:04:17', 'IN24241IND'),
(664, 7, '2022-02-23', 'IN24241IND23/02/2022MP012022LS8-IND50-20:35:15', 'Sell', '17055.7', '16611.3', '436.09435', '₹ 479,703.79', '₹ 8,894,868.01', '₹ 9,374,571.80', '20:35:15', '  9,380.64 ', '2022-07-31 05:04:17', '2022-07-31 05:04:17', 'IN24241IND'),
(665, 7, '2022-02-28', 'IN24241IND28/02/2022MP012022LS8-IND50-10:35:16', 'Buy', '16502.3', '16667.8', '157.1661', '₹ 172,882.71', '₹ 9,374,571.80', '₹ 9,547,454.51', '10:35:16', '  9,167.29 ', '2022-07-31 05:04:17', '2022-07-31 05:04:17', 'IN24241IND'),
(666, 7, '2022-03-03', 'IN24241IND03/03/2022MP012022LS8-IND50-12:44:59', 'Buy', '16557.9', '16522.3', '-43.861150000002', '₹ -48,247.27', '₹ 9,547,454.51', '₹ 9,499,207.24', '12:44:59', '  9,106.85 ', '2022-07-31 05:04:17', '2022-07-31 05:04:17', 'IN24241IND'),
(667, 7, '2022-03-03', 'IN24241IND03/03/2022MP012022LS8-IND50-00:00:00', 'Sell', '16521.1', '16561.15', '-48.330575000003', '₹ -53,163.63', '₹ 9,499,207.24', '₹ 9,446,043.61', '00:00:00', '  9,108.63 ', '2022-07-31 05:04:17', '2022-07-31 05:04:17', 'IN24241IND'),
(668, 7, '2022-03-03', 'IN24241IND03/03/2022MP012022LS8-IND50-00:00:00', 'Sell', '16520.55', '16535.6', '-23.317799999999', '₹ -25,649.58', '₹ 9,446,043.61', '₹ 9,420,394.03', '00:00:00', '  9,094.58 ', '2022-07-31 05:04:17', '2022-07-31 05:04:17', 'IN24241IND'),
(669, 7, '2022-03-03', 'IN24241IND03/03/2022MP012022LS8-IND50-21:01:15', 'Sell', '16468.55', '16474.4', '-14.087200000002', '₹ -15,495.92', '₹ 9,420,394.03', '₹ 9,404,898.11', '21:01:15', '  9,060.92 ', '2022-07-31 05:04:17', '2022-07-31 05:04:17', 'IN24241IND'),
(670, 7, '2022-03-09', 'IN24241IND09/03/2022MP012022LS8-IND50-12:15:18', 'Buy', '16197.2', '16369.8', '164.4151', '₹ 180,856.61', '₹ 9,404,898.11', '₹ 9,585,754.72', '12:15:18', '  9,003.39 ', '2022-07-31 05:04:17', '2022-07-31 05:04:17', 'IN24241IND'),
(671, 7, '2022-03-15', 'IN24241IND15/03/2022MP012022LS8-IND50-13:55:15', 'Sell', '16652.9', '16710.15', '-65.605075', '₹ -72,165.58', '₹ 9,585,754.72', '₹ 9,513,589.14', '13:55:15', '  9,190.58 ', '2022-07-31 05:04:17', '2022-07-31 05:04:17', 'IN24241IND'),
(672, 7, '2022-03-16', 'IN24241IND16/03/2022MP012022LS8-IND50-14:35:15', 'Buy', '16952.55', '17117.2', '156.0914', '₹ 171,700.54', '₹ 9,513,589.14', '₹ 9,685,289.68', '14:35:15', '  9,414.46 ', '2022-07-31 05:04:17', '2022-07-31 05:04:17', 'IN24241IND'),
(673, 7, '2022-03-17', 'IN24241IND17/03/2022MP012022LS8-IND50-00:00:00', 'Buy', '17245.4', '17237.9', '-16.11895', '₹ -17,730.85', '₹ 9,685,289.68', '₹ 9,667,558.83', '00:00:00', '  9,484.97 ', '2022-07-31 05:04:17', '2022-07-31 05:04:17', 'IN24241IND'),
(674, 7, '2022-03-21', 'IN24241IND21/03/2022MP012022LS8-IND50-00:00:00', 'Sell', '17185.55', '17089.65', '87.355174999998', '₹ 96,090.69', '₹ 9,667,558.83', '₹ 9,763,649.52', '00:00:00', '  9,452.05 ', '2022-07-31 05:04:17', '2022-07-31 05:04:17', 'IN24241IND'),
(675, 7, '2022-03-22', 'IN24241IND22/03/2022MP012022LS8-IND50-00:00:00', 'Buy', '17095.9', '17285.6', '181.0572', '₹ 199,162.92', '₹ 9,763,649.52', '₹ 9,962,812.44', '00:00:00', '  9,507.08 ', '2022-07-31 05:04:17', '2022-07-31 05:04:17', 'IN24241IND'),
(676, 7, '2022-04-06', 'IN24241IND06/04/2022MP012022LS8-IND50-00:00:00', 'Sell', '17918.35', '17950.65', '-41.275325000003', '  -45,402.86 ', '₹ 9,962,812.44', '₹ 9,917,409.59', '00:00:00', '  9,872.86 ', '2022-07-31 05:04:17', '2022-07-31 05:04:17', 'IN24241IND'),
(677, 7, '2022-04-06', 'IN24241IND06/04/2022MP012022LS8-IND50-00:00:00', 'Buy', '17875.3', '17864.55', '-19.682275', '  -21,650.50 ', '₹ 9,917,409.59', '₹ 9,895,759.08', '00:00:00', '  9,831.42 ', '2022-07-31 05:04:17', '2022-07-31 05:04:17', 'IN24241IND'),
(678, 7, '2022-04-07', 'IN24241IND07/04/2022MP012022LS8-IND50-00:00:00', 'Sell', '17799.55', '17764.6', '26.067700000001', '  28,674.47 ', '₹ 9,895,759.08', '₹ 9,924,433.55', '00:00:00', '  9,789.75 ', '2022-07-31 05:04:17', '2022-07-31 05:04:17', 'IN24241IND'),
(679, 7, '2022-04-08', 'IN24241IND08/04/2022MP012022LS8-IND50-13:35:30', 'Buy', '17833.75', '17847.9', '5.2260500000015', '  5,748.66 ', '₹ 9,924,433.55', '₹ 9,930,182.21', '13:35:30', '  9,816.35 ', '2022-07-31 05:04:17', '2022-07-31 05:04:17', 'IN24241IND'),
(680, 7, '2022-04-11', 'IN24241IND11/04/2022MP012022LS8-IND50-07:05:10', 'Sell', '17847.9', '17758.6', '80.420700000003', '  88,462.77 ', '₹ 9,930,182.21', '₹ 10,018,644.98', '07:05:10', '  9,816.35 ', '2022-07-31 05:04:17', '2022-07-31 05:04:17', 'IN24241IND'),
(681, 7, '2022-04-11', 'IN24241IND11/04/2022MP012022LS8-IND50-14:15:20', 'Sell', '17767.8', '17565.25', '193.767375', '  213,144.11 ', '₹ 10,018,644.98', '₹ 10,231,789.09', '14:15:20', '  9,772.29 ', '2022-07-31 05:04:17', '2022-07-31 05:04:17', 'IN24241IND');

-- --------------------------------------------------------

--
-- Table structure for table `uploaded_files`
--

CREATE TABLE `uploaded_files` (
  `id` int(11) NOT NULL,
  `file_path` text NOT NULL,
  `created_at` timestamp NOT NULL DEFAULT current_timestamp(),
  `updated_at` timestamp NOT NULL DEFAULT current_timestamp() ON UPDATE current_timestamp()
) ENGINE=InnoDB DEFAULT CHARSET=utf8mb4;

--
-- Dumping data for table `uploaded_files`
--

INSERT INTO `uploaded_files` (`id`, `file_path`, `created_at`, `updated_at`) VALUES
(1, 'Ow0Q7OKcJtcTgEYC51kGHHKvU5YqUDMyoAdw1EKE.zip', '2022-07-31 03:43:14', '2022-07-31 03:43:14'),
(2, 'KaNAF2oOXpIuI2p9w4ptnHoJhFwu4Pao5bdkgZWM.zip', '2022-07-31 03:59:47', '2022-07-31 03:59:47'),
(3, 'UuQ9pwnEu1nsYmqPNloBkEbIon8QFdG9kV5ARDae.zip', '2022-07-31 04:19:05', '2022-07-31 04:19:05'),
(4, 'BDKUKeYSx5oiNon63takDkPSupXfJUogwn0ZJBrw.zip', '2022-07-31 04:25:13', '2022-07-31 04:25:13'),
(5, 'ifCISvUJXleHvvt1lNohrIVOKFb2BhTgJJlldQbM.zip', '2022-07-31 04:27:35', '2022-07-31 04:27:35'),
(6, 'zjtk4VSZzBx4GFGXiMUvPH963td8tflwS8BeBIf8.zip', '2022-07-31 04:27:56', '2022-07-31 04:27:56'),
(7, 'QsyhfeRKwTH10r8fhoN3A053cm9KNHhOw8cBHRq2.zip', '2022-07-31 04:40:51', '2022-07-31 04:40:51'),
(8, 'qguCRhraWW6FtfTKfPMIIbppJOBnyWY4tB2N76pU.zip', '2022-07-31 04:41:37', '2022-07-31 04:41:37'),
(9, 'ZH2S3uXGVagt5pLqg6Y5yATiJ4JD5VRocITRGTJp.zip', '2022-07-31 04:48:35', '2022-07-31 04:48:35'),
(10, 'WQJLGJ7FCL15iHP9nDisytredeWNwWKcTzlRHL8w.zip', '2022-07-31 04:49:11', '2022-07-31 04:49:11'),
(11, 'wulGQ1j7g8YP6pT2l6NmbVpIBzdR2eUKLGwhSA17.zip', '2022-07-31 04:50:08', '2022-07-31 04:50:08'),
(12, 'sLgvLf5NlqE0ELX8SLQk46msHnYnUciDjE2Yp4nQ.zip', '2022-07-31 04:56:18', '2022-07-31 04:56:18'),
(13, 'G1DPNS76C7GVtdEc01HNLwkUEnvcFbb78bnaFrwy.zip', '2022-07-31 05:04:17', '2022-07-31 05:04:17');

--
-- Indexes for dumped tables
--

--
-- Indexes for table `members`
--
ALTER TABLE `members`
  ADD PRIMARY KEY (`id`);

--
-- Indexes for table `stock_assignments`
--
ALTER TABLE `stock_assignments`
  ADD PRIMARY KEY (`id`);

--
-- Indexes for table `uploaded_files`
--
ALTER TABLE `uploaded_files`
  ADD PRIMARY KEY (`id`);

--
-- AUTO_INCREMENT for dumped tables
--

--
-- AUTO_INCREMENT for table `members`
--
ALTER TABLE `members`
  MODIFY `id` bigint(20) UNSIGNED NOT NULL AUTO_INCREMENT, AUTO_INCREMENT=8;

--
-- AUTO_INCREMENT for table `stock_assignments`
--
ALTER TABLE `stock_assignments`
  MODIFY `id` bigint(20) NOT NULL AUTO_INCREMENT, AUTO_INCREMENT=682;

--
-- AUTO_INCREMENT for table `uploaded_files`
--
ALTER TABLE `uploaded_files`
  MODIFY `id` int(11) NOT NULL AUTO_INCREMENT, AUTO_INCREMENT=14;
COMMIT;

/*!40101 SET CHARACTER_SET_CLIENT=@OLD_CHARACTER_SET_CLIENT */;
/*!40101 SET CHARACTER_SET_RESULTS=@OLD_CHARACTER_SET_RESULTS */;
/*!40101 SET COLLATION_CONNECTION=@OLD_COLLATION_CONNECTION */;
